[{"model": "admin.logentry", "pk": 1, "fields": {"action_time": "2022-12-15T11:31:00.636Z", "user": 1, "content_type": 7, "object_id": "1", "object_repr": "surfparadise.example.com", "action_flag": 2, "change_message": "[{\"changed\": {\"fields\": [\"Domain name\"]}}]"}}, {"model": "admin.logentry", "pk": 2, "fields": {"action_time": "2022-12-15T11:31:23.273Z", "user": 1, "content_type": 7, "object_id": "1", "object_repr": "surfparadise.example.com", "action_flag": 2, "change_message": "[{\"changed\": {\"fields\": [\"Display name\"]}}]"}}, {"model": "admin.logentry", "pk": 3, "fields": {"action_time": "2022-12-15T11:31:38.582Z", "user": 1, "content_type": 7, "object_id": "1", "object_repr": "surfparadise.example.com", "action_flag": 2, "change_message": "[{\"changed\": {\"fields\": [\"Display name\"]}}]"}}, {"model": "admin.logentry", "pk": 4, "fields": {"action_time": "2022-12-15T11:31:38.939Z", "user": 1, "content_type": 7, "object_id": "1", "object_repr": "surfparadise.example.com", "action_flag": 2, "change_message": "[]"}}, {"model": "admin.logentry", "pk": 5, "fields": {"action_time": "2022-12-15T12:06:17.180Z", "user": 1, "content_type": 8, "object_id": "1", "object_repr": "luciaquintas90@gmail.com", "action_flag": 1, "change_message": "[{\"added\": {}}]"}}, {"model": "admin.logentry", "pk": 6, "fields": {"action_time": "2023-01-03T10:58:46.778Z", "user": 1, "content_type": 13, "object_id": "9", "object_repr": "shirts", "action_flag": 3, "change_message": ""}}, {"model": "admin.logentry", "pk": 7, "fields": {"action_time": "2023-01-03T10:58:46.781Z", "user": 1, "content_type": 13, "object_id": "8", "object_repr": "new_arrivals", "action_flag": 3, "change_message": ""}}, {"model": "admin.logentry", "pk": 8, "fields": {"action_time": "2023-01-03T10:58:46.782Z", "user": 1, "content_type": 13, "object_id": "7", "object_repr": "kitchen_dining", "action_flag": 3, "change_message": ""}}, {"model": "admin.logentry", "pk": 9, "fields": {"action_time": "2023-01-03T10:58:46.785Z", "user": 1, "content_type": 13, "object_id": "6", "object_repr": "jeans", "action_flag": 3, "change_message": ""}}, {"model": "admin.logentry", "pk": 10, "fields": {"action_time": "2023-01-03T10:58:46.787Z", "user": 1, "content_type": 13, "object_id": "5", "object_repr": "essentials", "action_flag": 3, "change_message": ""}}, {"model": "admin.logentry", "pk": 11, "fields": {"action_time": "2023-01-03T10:58:46.788Z", "user": 1, "content_type": 13, "object_id": "4", "object_repr": "deals", "action_flag": 3, "change_message": ""}}, {"model": "admin.logentry", "pk": 12, "fields": {"action_time": "2023-01-03T10:58:46.790Z", "user": 1, "content_type": 13, "object_id": "3", "object_repr": "clearance", "action_flag": 3, "change_message": ""}}, {"model": "admin.logentry", "pk": 13, "fields": {"action_time": "2023-01-03T10:58:46.792Z", "user": 1, "content_type": 13, "object_id": "2", "object_repr": "bed_bath", "action_flag": 3, "change_message": ""}}, {"model": "admin.logentry", "pk": 14, "fields": {"action_time": "2023-01-03T10:58:46.794Z", "user": 1, "content_type": 13, "object_id": "1", "object_repr": "activewear", "action_flag": 3, "change_message": ""}}, {"model": "admin.logentry", "pk": 15, "fields": {"action_time": "2023-01-03T11:03:24.740Z", "user": 1, "content_type": 13, "object_id": "10", "object_repr": "Boards", "action_flag": 1, "change_message": "[{\"added\": {}}]"}}, {"model": "admin.logentry", "pk": 16, "fields": {"action_time": "2023-01-03T11:03:45.289Z", "user": 1, "content_type": 13, "object_id": "11", "object_repr": "Fins", "action_flag": 1, "change_message": "[{\"added\": {}}]"}}, {"model": "admin.logentry", "pk": 17, "fields": {"action_time": "2023-01-03T11:04:22.807Z", "user": 1, "content_type": 13, "object_id": "12", "object_repr": "WETSUITS", "action_flag": 1, "change_message": "[{\"added\": {}}]"}}, {"model": "admin.logentry", "pk": 18, "fields": {"action_time": "2023-01-03T11:04:35.887Z", "user": 1, "content_type": 13, "object_id": "11", "object_repr": "Fins", "action_flag": 2, "change_message": "[{\"changed\": {\"fields\": [\"Friendly name\"]}}]"}}, {"model": "admin.logentry", "pk": 19, "fields": {"action_time": "2023-01-03T11:04:50.068Z", "user": 1, "content_type": 13, "object_id": "10", "object_repr": "Boards", "action_flag": 2, "change_message": "[{\"changed\": {\"fields\": [\"Friendly name\"]}}]"}}, {"model": "admin.logentry", "pk": 20, "fields": {"action_time": "2023-01-03T11:05:11.018Z", "user": 1, "content_type": 14, "object_id": "1", "object_repr": "Arizona Original Bootcut Jeans", "action_flag": 3, "change_message": ""}}, {"model": "admin.logentry", "pk": 21, "fields": {"action_time": "2023-01-03T11:05:11.021Z", "user": 1, "content_type": 14, "object_id": "2", "object_repr": "Liz Claiborne Audra Classic Fit Straight Leg Pants", "action_flag": 3, "change_message": ""}}, {"model": "admin.logentry", "pk": 22, "fields": {"action_time": "2023-01-03T11:05:11.023Z", "user": 1, "content_type": 14, "object_id": "3", "object_repr": "Royal Velvet Matte Satin Square 3-pc. Coverlet Set", "action_flag": 3, "change_message": ""}}, {"model": "admin.logentry", "pk": 23, "fields": {"action_time": "2023-01-03T11:05:11.026Z", "user": 1, "content_type": 14, "object_id": "4", "object_repr": "Gibson Infinite Glaze 16-pc. Dinnerware Set", "action_flag": 3, "change_message": ""}}, {"model": "admin.logentry", "pk": 24, "fields": {"action_time": "2023-01-03T11:05:11.028Z", "user": 1, "content_type": 14, "object_id": "5", "object_repr": "Simply Calphalon Enameled Cast Iron Panini Pan", "action_flag": 3, "change_message": ""}}, {"model": "admin.logentry", "pk": 25, "fields": {"action_time": "2023-01-03T11:05:11.030Z", "user": 1, "content_type": 14, "object_id": "6", "object_repr": "The Foundry Supply Co. Solid Pocket TeeBig & Tall", "action_flag": 3, "change_message": ""}}, {"model": "admin.logentry", "pk": 26, "fields": {"action_time": "2023-01-03T11:05:11.032Z", "user": 1, "content_type": 14, "object_id": "7", "object_repr": "Liz Claiborne Classic Sophie Secretly Slender Trouser Leg Pants - Plus", "action_flag": 3, "change_message": ""}}, {"model": "admin.logentry", "pk": 27, "fields": {"action_time": "2023-01-03T11:05:11.034Z", "user": 1, "content_type": 14, "object_id": "8", "object_repr": "Rachael Ray Ceramic Olive Oil Dispenser", "action_flag": 3, "change_message": ""}}, {"model": "admin.logentry", "pk": 28, "fields": {"action_time": "2023-01-03T11:05:11.035Z", "user": 1, "content_type": 14, "object_id": "9", "object_repr": "Protech Performance Sheet Set", "action_flag": 3, "change_message": ""}}, {"model": "admin.logentry", "pk": 29, "fields": {"action_time": "2023-01-03T11:05:11.037Z", "user": 1, "content_type": 14, "object_id": "10", "object_repr": "Reflections Set of 4 Microfiber Napkins", "action_flag": 3, "change_message": ""}}, {"model": "admin.logentry", "pk": 30, "fields": {"action_time": "2023-01-03T11:05:11.039Z", "user": 1, "content_type": 14, "object_id": "11", "object_repr": "Chef Designs Black-Trimmed Cook ShirtBig & Tall", "action_flag": 3, "change_message": ""}}, {"model": "admin.logentry", "pk": 31, "fields": {"action_time": "2023-01-03T11:05:11.040Z", "user": 1, "content_type": 14, "object_id": "12", "object_repr": "Nike 3-pk. Performance Crew Socks - Boys", "action_flag": 3, "change_message": ""}}, {"model": "admin.logentry", "pk": 32, "fields": {"action_time": "2023-01-03T11:05:11.042Z", "user": 1, "content_type": 14, "object_id": "13", "object_repr": "Champion Jersey Tee", "action_flag": 3, "change_message": ""}}, {"model": "admin.logentry", "pk": 33, "fields": {"action_time": "2023-01-03T11:05:11.044Z", "user": 1, "content_type": 14, "object_id": "14", "object_repr": "Stafford 4-pk. Blended Cotton A-Shirts", "action_flag": 3, "change_message": ""}}, {"model": "admin.logentry", "pk": 34, "fields": {"action_time": "2023-01-03T11:05:11.046Z", "user": 1, "content_type": 14, "object_id": "15", "object_repr": "Stafford 4-pk. Heavyweight Crewneck T-ShirtsBig & Tall", "action_flag": 3, "change_message": ""}}, {"model": "admin.logentry", "pk": 35, "fields": {"action_time": "2023-01-03T11:05:11.048Z", "user": 1, "content_type": 14, "object_id": "16", "object_repr": "Levi's 529 Curvy Bootcut Jeans", "action_flag": 3, "change_message": ""}}, {"model": "admin.logentry", "pk": 36, "fields": {"action_time": "2023-01-03T11:05:11.049Z", "user": 1, "content_type": 14, "object_id": "17", "object_repr": "Worthington Essential Short-Sleeve Tee - Plus", "action_flag": 3, "change_message": ""}}, {"model": "admin.logentry", "pk": 37, "fields": {"action_time": "2023-01-03T11:05:11.051Z", "user": 1, "content_type": 14, "object_id": "18", "object_repr": "Marvel Comics Avengers Hulk Pillow Buddy", "action_flag": 3, "change_message": ""}}, {"model": "admin.logentry", "pk": 38, "fields": {"action_time": "2023-01-03T11:05:11.053Z", "user": 1, "content_type": 14, "object_id": "19", "object_repr": "Marvel Spiderman Pillow Buddy", "action_flag": 3, "change_message": ""}}, {"model": "admin.logentry", "pk": 39, "fields": {"action_time": "2023-01-03T11:05:11.054Z", "user": 1, "content_type": 14, "object_id": "20", "object_repr": "JCPenney Home Oven Mitt", "action_flag": 3, "change_message": ""}}, {"model": "admin.logentry", "pk": 40, "fields": {"action_time": "2023-01-03T11:05:11.056Z", "user": 1, "content_type": 14, "object_id": "21", "object_repr": "Farberware Sonoma 2-qt. Whistling Tea Kettle", "action_flag": 3, "change_message": ""}}, {"model": "admin.logentry", "pk": 41, "fields": {"action_time": "2023-01-03T11:05:11.057Z", "user": 1, "content_type": 14, "object_id": "22", "object_repr": "Silver Superman Shield Cufflinks", "action_flag": 3, "change_message": ""}}, {"model": "admin.logentry", "pk": 42, "fields": {"action_time": "2023-01-03T11:05:11.059Z", "user": 1, "content_type": 14, "object_id": "23", "object_repr": "Dickies Heavyweight Long-Sleeve Pocket Tee", "action_flag": 3, "change_message": ""}}, {"model": "admin.logentry", "pk": 43, "fields": {"action_time": "2023-01-03T11:05:11.061Z", "user": 1, "content_type": 14, "object_id": "24", "object_repr": "Royal Velvet Down Chamber Pillow", "action_flag": 3, "change_message": ""}}, {"model": "admin.logentry", "pk": 44, "fields": {"action_time": "2023-01-03T11:05:11.062Z", "user": 1, "content_type": 14, "object_id": "25", "object_repr": "Dickies Heavyweight Fleece Full Zip HoodieBig & Tall", "action_flag": 3, "change_message": ""}}, {"model": "admin.logentry", "pk": 45, "fields": {"action_time": "2023-01-03T11:05:11.064Z", "user": 1, "content_type": 14, "object_id": "26", "object_repr": "JCPenney Home Ashley Scalloped Stoneware 50-pc. Dinnerware Set - Service for 8", "action_flag": 3, "change_message": ""}}, {"model": "admin.logentry", "pk": 46, "fields": {"action_time": "2023-01-03T11:05:11.066Z", "user": 1, "content_type": 14, "object_id": "27", "object_repr": "Rachael Ray Porcelain II 10-pc. Cookware Set", "action_flag": 3, "change_message": ""}}, {"model": "admin.logentry", "pk": 47, "fields": {"action_time": "2023-01-03T11:05:11.067Z", "user": 1, "content_type": 14, "object_id": "28", "object_repr": "Hanes 3pk. Cotton Crewneck TShirts  Big & Tall", "action_flag": 3, "change_message": ""}}, {"model": "admin.logentry", "pk": 48, "fields": {"action_time": "2023-01-03T11:05:11.069Z", "user": 1, "content_type": 14, "object_id": "29", "object_repr": "Chenille Lines Bath Rug Collection", "action_flag": 3, "change_message": ""}}, {"model": "admin.logentry", "pk": 49, "fields": {"action_time": "2023-01-03T11:05:11.070Z", "user": 1, "content_type": 14, "object_id": "30", "object_repr": "Home Expressions Jacobean Stripe Oblong Decorative Pillow", "action_flag": 3, "change_message": ""}}, {"model": "admin.logentry", "pk": 50, "fields": {"action_time": "2023-01-03T11:05:11.072Z", "user": 1, "content_type": 14, "object_id": "31", "object_repr": "Armitron Now Womens Crystal-Accent White Leather Strap Watch", "action_flag": 3, "change_message": ""}}, {"model": "admin.logentry", "pk": 51, "fields": {"action_time": "2023-01-03T11:05:11.073Z", "user": 1, "content_type": 14, "object_id": "32", "object_repr": "Nike NA Swoosh Dri-FIT Cotton Tee", "action_flag": 3, "change_message": ""}}, {"model": "admin.logentry", "pk": 52, "fields": {"action_time": "2023-01-03T11:05:11.075Z", "user": 1, "content_type": 14, "object_id": "33", "object_repr": "Liz Claiborne 300tc Liquid Cotton Set of 2 Pillowcases", "action_flag": 3, "change_message": ""}}, {"model": "admin.logentry", "pk": 53, "fields": {"action_time": "2023-01-03T11:05:11.077Z", "user": 1, "content_type": 14, "object_id": "34", "object_repr": "Stafford Year-Round Pleated PantsBig & Tall", "action_flag": 3, "change_message": ""}}, {"model": "admin.logentry", "pk": 54, "fields": {"action_time": "2023-01-03T11:05:11.078Z", "user": 1, "content_type": 14, "object_id": "35", "object_repr": "Arizona Super-Skinny Jeans", "action_flag": 3, "change_message": ""}}, {"model": "admin.logentry", "pk": 55, "fields": {"action_time": "2023-01-03T11:05:11.080Z", "user": 1, "content_type": 14, "object_id": "36", "object_repr": "Nike 3-pk. Dri-FIT Fly Rise Crew Socks", "action_flag": 3, "change_message": ""}}, {"model": "admin.logentry", "pk": 56, "fields": {"action_time": "2023-01-03T11:05:11.081Z", "user": 1, "content_type": 14, "object_id": "37", "object_repr": "Royal Velvet Egyptian Cotton Solid Bath Towels", "action_flag": 3, "change_message": ""}}, {"model": "admin.logentry", "pk": 57, "fields": {"action_time": "2023-01-03T11:05:11.083Z", "user": 1, "content_type": 14, "object_id": "38", "object_repr": "Levinsohn Master Block All-In-One Mattress Protector", "action_flag": 3, "change_message": ""}}, {"model": "admin.logentry", "pk": 58, "fields": {"action_time": "2023-01-03T11:05:11.084Z", "user": 1, "content_type": 14, "object_id": "39", "object_repr": "Home Expressions Microfiber Twin XL Sheet Set", "action_flag": 3, "change_message": ""}}, {"model": "admin.logentry", "pk": 59, "fields": {"action_time": "2023-01-03T11:05:11.086Z", "user": 1, "content_type": 14, "object_id": "40", "object_repr": "Cake Boss Powdered Sugar Shaker with Lid", "action_flag": 3, "change_message": ""}}, {"model": "admin.logentry", "pk": 60, "fields": {"action_time": "2023-01-03T11:05:11.088Z", "user": 1, "content_type": 14, "object_id": "41", "object_repr": "Cake Boss Set of 2 Silicone Baking Mats", "action_flag": 3, "change_message": ""}}, {"model": "admin.logentry", "pk": 61, "fields": {"action_time": "2023-01-03T11:05:11.090Z", "user": 1, "content_type": 14, "object_id": "42", "object_repr": "Corelle Livingware 16-pc. Dinnerware Set", "action_flag": 3, "change_message": ""}}, {"model": "admin.logentry", "pk": 62, "fields": {"action_time": "2023-01-03T11:05:11.091Z", "user": 1, "content_type": 14, "object_id": "43", "object_repr": "Cuisinart Round Classic Waffle Maker", "action_flag": 3, "change_message": ""}}, {"model": "admin.logentry", "pk": 63, "fields": {"action_time": "2023-01-03T11:05:11.093Z", "user": 1, "content_type": 14, "object_id": "44", "object_repr": "The Foundry Supply Co. Quick-Dri PoloBig & Tall", "action_flag": 3, "change_message": ""}}, {"model": "admin.logentry", "pk": 64, "fields": {"action_time": "2023-01-03T11:05:11.095Z", "user": 1, "content_type": 14, "object_id": "45", "object_repr": "JCPenney Home Ultra Soft Micro Fleece Blanket", "action_flag": 3, "change_message": ""}}, {"model": "admin.logentry", "pk": 65, "fields": {"action_time": "2023-01-03T11:05:11.097Z", "user": 1, "content_type": 14, "object_id": "46", "object_repr": "Cottonloft Natural Cotton Blanket", "action_flag": 3, "change_message": ""}}, {"model": "admin.logentry", "pk": 66, "fields": {"action_time": "2023-01-03T11:05:11.099Z", "user": 1, "content_type": 14, "object_id": "47", "object_repr": "Konitz Dots and Stripes Set of 2 Bone China Mugs", "action_flag": 3, "change_message": ""}}, {"model": "admin.logentry", "pk": 67, "fields": {"action_time": "2023-01-03T11:05:11.101Z", "user": 1, "content_type": 14, "object_id": "48", "object_repr": "Jacques Mort 2-pk. Short-Sleeve Leotard - Girls", "action_flag": 3, "change_message": ""}}, {"model": "admin.logentry", "pk": 68, "fields": {"action_time": "2023-01-03T11:05:11.103Z", "user": 1, "content_type": 14, "object_id": "49", "object_repr": "Disney Cars McQueen Pillow Buddy", "action_flag": 3, "change_message": ""}}, {"model": "admin.logentry", "pk": 69, "fields": {"action_time": "2023-01-03T11:05:11.104Z", "user": 1, "content_type": 14, "object_id": "50", "object_repr": "Dockers Long-Sleeve No-Wrinkle Woven Shirt", "action_flag": 3, "change_message": ""}}, {"model": "admin.logentry", "pk": 70, "fields": {"action_time": "2023-01-03T11:05:11.106Z", "user": 1, "content_type": 14, "object_id": "51", "object_repr": "Stylus Short-Sleeve V-Neck Slub Tee - Plus", "action_flag": 3, "change_message": ""}}, {"model": "admin.logentry", "pk": 71, "fields": {"action_time": "2023-01-03T11:05:11.108Z", "user": 1, "content_type": 14, "object_id": "52", "object_repr": "Philips Airfryer Grill Pan", "action_flag": 3, "change_message": ""}}, {"model": "admin.logentry", "pk": 72, "fields": {"action_time": "2023-01-03T11:05:11.109Z", "user": 1, "content_type": 14, "object_id": "53", "object_repr": "Claiborne Short-Sleeve Woven Shirt", "action_flag": 3, "change_message": ""}}, {"model": "admin.logentry", "pk": 73, "fields": {"action_time": "2023-01-03T11:05:11.111Z", "user": 1, "content_type": 14, "object_id": "54", "object_repr": "adidas Adilogo Shock Energy Tee", "action_flag": 3, "change_message": ""}}, {"model": "admin.logentry", "pk": 74, "fields": {"action_time": "2023-01-03T11:05:11.113Z", "user": 1, "content_type": 14, "object_id": "55", "object_repr": "adidas climacool Boxer Briefs", "action_flag": 3, "change_message": ""}}, {"model": "admin.logentry", "pk": 75, "fields": {"action_time": "2023-01-03T11:05:11.115Z", "user": 1, "content_type": 14, "object_id": "56", "object_repr": "Stylus Slim Straight-Leg Jeans - Plus", "action_flag": 3, "change_message": ""}}, {"model": "admin.logentry", "pk": 76, "fields": {"action_time": "2023-01-03T11:05:11.116Z", "user": 1, "content_type": 14, "object_id": "57", "object_repr": "Worthington Sateen Cropped Pants - Petite", "action_flag": 3, "change_message": ""}}, {"model": "admin.logentry", "pk": 77, "fields": {"action_time": "2023-01-03T11:05:11.118Z", "user": 1, "content_type": 14, "object_id": "58", "object_repr": "Madison Park Essentials Concord Reversible Complete Bedding Set with Sheets", "action_flag": 3, "change_message": ""}}, {"model": "admin.logentry", "pk": 78, "fields": {"action_time": "2023-01-03T11:05:11.120Z", "user": 1, "content_type": 14, "object_id": "59", "object_repr": "Keurig K250 2.0 Compact Brewer", "action_flag": 3, "change_message": ""}}, {"model": "admin.logentry", "pk": 79, "fields": {"action_time": "2023-01-03T11:05:11.121Z", "user": 1, "content_type": 14, "object_id": "60", "object_repr": "Wrangler Reserve Authentic Relaxed-Fit Jeans-Big & Tall", "action_flag": 3, "change_message": ""}}, {"model": "admin.logentry", "pk": 80, "fields": {"action_time": "2023-01-03T11:05:11.123Z", "user": 1, "content_type": 14, "object_id": "61", "object_repr": "Eva Longoria Home Solana 4-pc. Comforter Set", "action_flag": 3, "change_message": ""}}, {"model": "admin.logentry", "pk": 81, "fields": {"action_time": "2023-01-03T11:05:11.125Z", "user": 1, "content_type": 14, "object_id": "62", "object_repr": "Carter's 4-pc. Take Me Home Set - Baby Boys preemie-6m", "action_flag": 3, "change_message": ""}}, {"model": "admin.logentry", "pk": 82, "fields": {"action_time": "2023-01-03T11:05:11.126Z", "user": 1, "content_type": 14, "object_id": "63", "object_repr": "Pfaltzgraff Everyday Sandy Shore 16-pc. Dinnerware Set", "action_flag": 3, "change_message": ""}}, {"model": "admin.logentry", "pk": 83, "fields": {"action_time": "2023-01-03T11:05:11.128Z", "user": 1, "content_type": 14, "object_id": "64", "object_repr": "Arizona Graphic Tee - Boys 8-20 and Husky", "action_flag": 3, "change_message": ""}}, {"model": "admin.logentry", "pk": 84, "fields": {"action_time": "2023-01-03T11:05:11.129Z", "user": 1, "content_type": 14, "object_id": "65", "object_repr": "Armitron Now Womens Crystal-Accent White Leather Strap Watch", "action_flag": 3, "change_message": ""}}, {"model": "admin.logentry", "pk": 85, "fields": {"action_time": "2023-01-03T11:05:11.131Z", "user": 1, "content_type": 14, "object_id": "66", "object_repr": "Nike Air Sickness Graphic Tee", "action_flag": 3, "change_message": ""}}, {"model": "admin.logentry", "pk": 86, "fields": {"action_time": "2023-01-03T11:05:11.132Z", "user": 1, "content_type": 14, "object_id": "67", "object_repr": "Claiborne Long-Sleeve Linen Shirt", "action_flag": 3, "change_message": ""}}, {"model": "admin.logentry", "pk": 87, "fields": {"action_time": "2023-01-03T11:05:11.134Z", "user": 1, "content_type": 14, "object_id": "68", "object_repr": "Arizona Bootcut Jeans", "action_flag": 3, "change_message": ""}}, {"model": "admin.logentry", "pk": 88, "fields": {"action_time": "2023-01-03T11:05:11.136Z", "user": 1, "content_type": 14, "object_id": "69", "object_repr": "Home Expressions Microfiber Twin XL Sheet Set", "action_flag": 3, "change_message": ""}}, {"model": "admin.logentry", "pk": 89, "fields": {"action_time": "2023-01-03T11:05:11.137Z", "user": 1, "content_type": 14, "object_id": "70", "object_repr": "Isotonic Iso-Cool Memory Foam Contour Pillow", "action_flag": 3, "change_message": ""}}, {"model": "admin.logentry", "pk": 90, "fields": {"action_time": "2023-01-03T11:05:11.139Z", "user": 1, "content_type": 14, "object_id": "71", "object_repr": "totes Tracey Womens Cold-Weather Boots", "action_flag": 3, "change_message": ""}}, {"model": "admin.logentry", "pk": 91, "fields": {"action_time": "2023-01-03T11:05:11.144Z", "user": 1, "content_type": 14, "object_id": "72", "object_repr": "Love Indigo Wing Back Flap Pocket Jeans", "action_flag": 3, "change_message": ""}}, {"model": "admin.logentry", "pk": 92, "fields": {"action_time": "2023-01-03T11:05:11.147Z", "user": 1, "content_type": 14, "object_id": "73", "object_repr": "Love Indigo Embroidered Back Pocket Jeans", "action_flag": 3, "change_message": ""}}, {"model": "admin.logentry", "pk": 93, "fields": {"action_time": "2023-01-03T11:05:11.149Z", "user": 1, "content_type": 14, "object_id": "74", "object_repr": "Love Indigo Cross Back Flap Pocket Jeans", "action_flag": 3, "change_message": ""}}, {"model": "admin.logentry", "pk": 94, "fields": {"action_time": "2023-01-03T11:05:11.151Z", "user": 1, "content_type": 14, "object_id": "75", "object_repr": "Arizona Ankle-Zip Jeggings", "action_flag": 3, "change_message": ""}}, {"model": "admin.logentry", "pk": 95, "fields": {"action_time": "2023-01-03T11:05:11.153Z", "user": 1, "content_type": 14, "object_id": "76", "object_repr": "Vanilla Star Embellished Skinny Jeans - Girls 7-16 and Plus", "action_flag": 3, "change_message": ""}}, {"model": "admin.logentry", "pk": 96, "fields": {"action_time": "2023-01-03T11:05:11.155Z", "user": 1, "content_type": 14, "object_id": "77", "object_repr": "Worthington 3/4-Sleeve Button-Front Oxford Shirt - Petite", "action_flag": 3, "change_message": ""}}, {"model": "admin.logentry", "pk": 97, "fields": {"action_time": "2023-01-03T11:05:11.157Z", "user": 1, "content_type": 14, "object_id": "78", "object_repr": "a.n.a Skinny Jeans", "action_flag": 3, "change_message": ""}}, {"model": "admin.logentry", "pk": 98, "fields": {"action_time": "2023-01-03T11:05:11.158Z", "user": 1, "content_type": 14, "object_id": "79", "object_repr": "a.n.a Bootcut Jeans", "action_flag": 3, "change_message": ""}}, {"model": "admin.logentry", "pk": 99, "fields": {"action_time": "2023-01-03T11:05:11.160Z", "user": 1, "content_type": 14, "object_id": "80", "object_repr": "Levi's Houlihan Short-Sleeve Logo Tee", "action_flag": 3, "change_message": ""}}, {"model": "admin.logentry", "pk": 100, "fields": {"action_time": "2023-01-03T11:05:11.161Z", "user": 1, "content_type": 14, "object_id": "81", "object_repr": "a.n.a Jeggings - Plus", "action_flag": 3, "change_message": ""}}, {"model": "admin.logentry", "pk": 101, "fields": {"action_time": "2023-01-03T11:05:11.163Z", "user": 1, "content_type": 14, "object_id": "82", "object_repr": "Nike Therma-FIT Pullover Hoodie - Boys 8-20", "action_flag": 3, "change_message": ""}}, {"model": "admin.logentry", "pk": 102, "fields": {"action_time": "2023-01-03T11:05:11.165Z", "user": 1, "content_type": 14, "object_id": "83", "object_repr": "Disney Collection Frozen Elsa Graphic Tee - Girls 2-12", "action_flag": 3, "change_message": ""}}, {"model": "admin.logentry", "pk": 103, "fields": {"action_time": "2023-01-03T11:05:11.166Z", "user": 1, "content_type": 14, "object_id": "84", "object_repr": "Dickies Short-Sleeve Performance Polo", "action_flag": 3, "change_message": ""}}, {"model": "admin.logentry", "pk": 104, "fields": {"action_time": "2023-01-03T11:05:11.168Z", "user": 1, "content_type": 14, "object_id": "85", "object_repr": "Sunbeam Comfy Toes Microplush Heated Throw", "action_flag": 3, "change_message": ""}}, {"model": "admin.logentry", "pk": 105, "fields": {"action_time": "2023-01-03T11:05:11.170Z", "user": 1, "content_type": 14, "object_id": "86", "object_repr": "Madison Park Lavinia 6-pc. Quilted Coverlet Set", "action_flag": 3, "change_message": ""}}, {"model": "admin.logentry", "pk": 106, "fields": {"action_time": "2023-01-03T11:05:11.171Z", "user": 1, "content_type": 14, "object_id": "87", "object_repr": "Xersion Quick-Dri Performance Bootcut Pant - Short", "action_flag": 3, "change_message": ""}}, {"model": "admin.logentry", "pk": 107, "fields": {"action_time": "2023-01-03T11:05:11.174Z", "user": 1, "content_type": 14, "object_id": "88", "object_repr": "Lugz Empire Hi Mens Water-Resistant Hiking Boots", "action_flag": 3, "change_message": ""}}, {"model": "admin.logentry", "pk": 108, "fields": {"action_time": "2023-01-03T11:05:11.176Z", "user": 1, "content_type": 14, "object_id": "89", "object_repr": "Made For Life Mesh Jacket - Plus", "action_flag": 3, "change_message": ""}}, {"model": "admin.logentry", "pk": 109, "fields": {"action_time": "2023-01-03T11:05:11.177Z", "user": 1, "content_type": 14, "object_id": "90", "object_repr": "Stafford Travel Brown Check Suit Jacket - Classic Fit", "action_flag": 3, "change_message": ""}}, {"model": "admin.logentry", "pk": 110, "fields": {"action_time": "2023-01-03T11:05:11.179Z", "user": 1, "content_type": 14, "object_id": "91", "object_repr": "Arizona Raglan-Sleeve Thermal Pullover", "action_flag": 3, "change_message": ""}}, {"model": "admin.logentry", "pk": 111, "fields": {"action_time": "2023-01-03T11:05:11.180Z", "user": 1, "content_type": 14, "object_id": "92", "object_repr": "Made For Life Long-Sleeve Flyaway Cardigan", "action_flag": 3, "change_message": ""}}, {"model": "admin.logentry", "pk": 112, "fields": {"action_time": "2023-01-03T11:05:11.182Z", "user": 1, "content_type": 14, "object_id": "93", "object_repr": "Stafford Flannel Pajama Set - Big & Tall", "action_flag": 3, "change_message": ""}}, {"model": "admin.logentry", "pk": 113, "fields": {"action_time": "2023-01-03T11:05:11.183Z", "user": 1, "content_type": 14, "object_id": "94", "object_repr": "Arizona Flannel Shirt - Preschool Boys 4-7", "action_flag": 3, "change_message": ""}}, {"model": "admin.logentry", "pk": 114, "fields": {"action_time": "2023-01-03T11:05:11.185Z", "user": 1, "content_type": 14, "object_id": "95", "object_repr": "Vieste Green Stone Statement Necklace", "action_flag": 3, "change_message": ""}}, {"model": "admin.logentry", "pk": 115, "fields": {"action_time": "2023-01-03T11:05:11.187Z", "user": 1, "content_type": 14, "object_id": "96", "object_repr": "Bonnie Jean Plaid Dress and Cardigan - Girls Plus", "action_flag": 3, "change_message": ""}}, {"model": "admin.logentry", "pk": 116, "fields": {"action_time": "2023-01-03T11:05:11.188Z", "user": 1, "content_type": 14, "object_id": "97", "object_repr": "Arizona Quilted Sweatshirt - Toddler Girls 2t-5t", "action_flag": 3, "change_message": ""}}, {"model": "admin.logentry", "pk": 117, "fields": {"action_time": "2023-01-03T11:05:11.190Z", "user": 1, "content_type": 14, "object_id": "98", "object_repr": "Arlee Jada Plaid Set of 4 Placemats", "action_flag": 3, "change_message": ""}}, {"model": "admin.logentry", "pk": 118, "fields": {"action_time": "2023-01-03T11:05:11.191Z", "user": 1, "content_type": 14, "object_id": "99", "object_repr": "St. John's Bay Short-Sleeve Polo Shirt - Plus", "action_flag": 3, "change_message": ""}}, {"model": "admin.logentry", "pk": 119, "fields": {"action_time": "2023-01-03T11:05:11.193Z", "user": 1, "content_type": 14, "object_id": "100", "object_repr": "Stylus Crossover Ankle Pants", "action_flag": 3, "change_message": ""}}, {"model": "admin.logentry", "pk": 120, "fields": {"action_time": "2023-01-03T11:05:27.961Z", "user": 1, "content_type": 14, "object_id": "101", "object_repr": "Stafford Non-Iron Cotton Oxford Dress Shirt - Big & Tall", "action_flag": 3, "change_message": ""}}, {"model": "admin.logentry", "pk": 121, "fields": {"action_time": "2023-01-03T11:05:27.963Z", "user": 1, "content_type": 14, "object_id": "102", "object_repr": "a.n.a Long-Sleeve Colorblock Sweater", "action_flag": 3, "change_message": ""}}, {"model": "admin.logentry", "pk": 122, "fields": {"action_time": "2023-01-03T11:05:27.965Z", "user": 1, "content_type": 14, "object_id": "103", "object_repr": "Stafford Travel Short-Sleeve Easy-Care Broadcloth Dress Shirt - Big & Tall", "action_flag": 3, "change_message": ""}}, {"model": "admin.logentry", "pk": 123, "fields": {"action_time": "2023-01-03T11:05:27.967Z", "user": 1, "content_type": 14, "object_id": "104", "object_repr": "Gloria Vanderbilt Amanda Jeans - Plus", "action_flag": 3, "change_message": ""}}, {"model": "admin.logentry", "pk": 124, "fields": {"action_time": "2023-01-03T11:05:27.969Z", "user": 1, "content_type": 14, "object_id": "105", "object_repr": "Made For Life Polar Fleece Vest", "action_flag": 3, "change_message": ""}}, {"model": "admin.logentry", "pk": 125, "fields": {"action_time": "2023-01-03T11:05:27.971Z", "user": 1, "content_type": 14, "object_id": "106", "object_repr": "Frank and Lulu Holland Park Comforter Set", "action_flag": 3, "change_message": ""}}, {"model": "admin.logentry", "pk": 126, "fields": {"action_time": "2023-01-03T11:05:27.973Z", "user": 1, "content_type": 14, "object_id": "107", "object_repr": "Frank and Lulu Layne Sheet Set", "action_flag": 3, "change_message": ""}}, {"model": "admin.logentry", "pk": 127, "fields": {"action_time": "2023-01-03T11:05:27.974Z", "user": 1, "content_type": 14, "object_id": "108", "object_repr": "Jamaica Bay Printed Micro Volley Swim Trunks", "action_flag": 3, "change_message": ""}}, {"model": "admin.logentry", "pk": 128, "fields": {"action_time": "2023-01-03T11:05:27.976Z", "user": 1, "content_type": 14, "object_id": "109", "object_repr": "Arizona Raglan Henley Tee - Boys 8-20", "action_flag": 3, "change_message": ""}}, {"model": "admin.logentry", "pk": 129, "fields": {"action_time": "2023-01-03T11:05:27.978Z", "user": 1, "content_type": 14, "object_id": "110", "object_repr": "Brooklyn Xpress Fleece Jogger Pants", "action_flag": 3, "change_message": ""}}, {"model": "admin.logentry", "pk": 130, "fields": {"action_time": "2023-01-03T11:05:27.979Z", "user": 1, "content_type": 14, "object_id": "111", "object_repr": "Bob Marely 1976 T-Shirt", "action_flag": 3, "change_message": ""}}, {"model": "admin.logentry", "pk": 131, "fields": {"action_time": "2023-01-03T11:05:27.981Z", "user": 1, "content_type": 14, "object_id": "112", "object_repr": "Diamond 24-pc. Bath Towel Set", "action_flag": 3, "change_message": ""}}, {"model": "admin.logentry", "pk": 132, "fields": {"action_time": "2023-01-03T11:05:27.982Z", "user": 1, "content_type": 14, "object_id": "113", "object_repr": "Arizona Raglan T-Shirt", "action_flag": 3, "change_message": ""}}, {"model": "admin.logentry", "pk": 133, "fields": {"action_time": "2023-01-03T11:05:27.984Z", "user": 1, "content_type": 14, "object_id": "114", "object_repr": "Arizona Pocket T-Shirt", "action_flag": 3, "change_message": ""}}, {"model": "admin.logentry", "pk": 134, "fields": {"action_time": "2023-01-03T11:05:27.985Z", "user": 1, "content_type": 14, "object_id": "115", "object_repr": "Liz Claiborne City-Fit Skinny Jeans - Plus", "action_flag": 3, "change_message": ""}}, {"model": "admin.logentry", "pk": 135, "fields": {"action_time": "2023-01-03T11:05:27.987Z", "user": 1, "content_type": 14, "object_id": "116", "object_repr": "Nike Dri-FIT Base Layer Tights", "action_flag": 3, "change_message": ""}}, {"model": "admin.logentry", "pk": 136, "fields": {"action_time": "2023-01-03T11:05:27.988Z", "user": 1, "content_type": 14, "object_id": "117", "object_repr": "Clarks Lexi Alloy Slide Strap Sandals", "action_flag": 3, "change_message": ""}}, {"model": "admin.logentry", "pk": 137, "fields": {"action_time": "2023-01-03T11:05:27.989Z", "user": 1, "content_type": 14, "object_id": "118", "object_repr": "Liz Claiborne Long-Sleeve V-Neck Striped Tunic", "action_flag": 3, "change_message": ""}}, {"model": "admin.logentry", "pk": 138, "fields": {"action_time": "2023-01-03T11:05:27.991Z", "user": 1, "content_type": 14, "object_id": "119", "object_repr": "Xersion Colorblock Yoga Shorts - Girls 7-16 and Plus", "action_flag": 3, "change_message": ""}}, {"model": "admin.logentry", "pk": 139, "fields": {"action_time": "2023-01-03T11:05:27.992Z", "user": 1, "content_type": 14, "object_id": "120", "object_repr": "Vans Zone Bluts Short-Sleeve T-Shirt", "action_flag": 3, "change_message": ""}}, {"model": "admin.logentry", "pk": 140, "fields": {"action_time": "2023-01-03T11:05:27.994Z", "user": 1, "content_type": 14, "object_id": "121", "object_repr": "Xersion Short-Sleeve V-Neck Graphic Tee - Girls 7-16 and Plus", "action_flag": 3, "change_message": ""}}, {"model": "admin.logentry", "pk": 141, "fields": {"action_time": "2023-01-03T11:05:27.995Z", "user": 1, "content_type": 14, "object_id": "122", "object_repr": "St. John's Bay Short-Sleeve V-Neck T-Shirt", "action_flag": 3, "change_message": ""}}, {"model": "admin.logentry", "pk": 142, "fields": {"action_time": "2023-01-03T11:05:27.997Z", "user": 1, "content_type": 14, "object_id": "123", "object_repr": "Alfred Dunner Denim Capris", "action_flag": 3, "change_message": ""}}, {"model": "admin.logentry", "pk": 143, "fields": {"action_time": "2023-01-03T11:05:27.998Z", "user": 1, "content_type": 14, "object_id": "124", "object_repr": "Worthington Short-Sleeve Scoopneck T-Shirt - Tall", "action_flag": 3, "change_message": ""}}, {"model": "admin.logentry", "pk": 144, "fields": {"action_time": "2023-01-03T11:05:28.000Z", "user": 1, "content_type": 14, "object_id": "125", "object_repr": "Stylus Flare Jeans", "action_flag": 3, "change_message": ""}}, {"model": "admin.logentry", "pk": 145, "fields": {"action_time": "2023-01-03T11:05:28.001Z", "user": 1, "content_type": 14, "object_id": "126", "object_repr": "Marmellata Sleeveless Dotted Dress - Preschool Girls 4-6x", "action_flag": 3, "change_message": ""}}, {"model": "admin.logentry", "pk": 146, "fields": {"action_time": "2023-01-03T11:05:28.003Z", "user": 1, "content_type": 14, "object_id": "127", "object_repr": "Levi's 527 Bootcut Jeans - Boys 8-20, Slim and Husky", "action_flag": 3, "change_message": ""}}, {"model": "admin.logentry", "pk": 147, "fields": {"action_time": "2023-01-03T11:05:28.005Z", "user": 1, "content_type": 14, "object_id": "128", "object_repr": "Mixit Whitney Leggings - Tall", "action_flag": 3, "change_message": ""}}, {"model": "admin.logentry", "pk": 148, "fields": {"action_time": "2023-01-03T11:05:28.006Z", "user": 1, "content_type": 14, "object_id": "129", "object_repr": "Mixit Side Flower Jelly Strap Sandals", "action_flag": 3, "change_message": ""}}, {"model": "admin.logentry", "pk": 149, "fields": {"action_time": "2023-01-03T11:05:28.008Z", "user": 1, "content_type": 14, "object_id": "130", "object_repr": "Arizona Racerback Tank - Juniors Plus", "action_flag": 3, "change_message": ""}}, {"model": "admin.logentry", "pk": 150, "fields": {"action_time": "2023-01-03T11:05:28.010Z", "user": 1, "content_type": 14, "object_id": "131", "object_repr": "St. John's Bay Long-Sleeve Camp Shirt", "action_flag": 3, "change_message": ""}}, {"model": "admin.logentry", "pk": 151, "fields": {"action_time": "2023-01-03T11:05:28.012Z", "user": 1, "content_type": 14, "object_id": "132", "object_repr": "Alfred Dunner Essential Pull On Capri Pant", "action_flag": 3, "change_message": ""}}, {"model": "admin.logentry", "pk": 152, "fields": {"action_time": "2023-01-03T11:05:28.013Z", "user": 1, "content_type": 14, "object_id": "133", "object_repr": "Worthington Tipped Envelope Skirt - Tall", "action_flag": 3, "change_message": ""}}, {"model": "admin.logentry", "pk": 153, "fields": {"action_time": "2023-01-03T11:05:28.015Z", "user": 1, "content_type": 14, "object_id": "134", "object_repr": "Stylus Destructed Roll-Cuff Boyfriend Crop Jeans", "action_flag": 3, "change_message": ""}}, {"model": "admin.logentry", "pk": 154, "fields": {"action_time": "2023-01-03T11:05:28.016Z", "user": 1, "content_type": 14, "object_id": "135", "object_repr": "a.n.a Roll-Cuff Skinny Ankle Jeans", "action_flag": 3, "change_message": ""}}, {"model": "admin.logentry", "pk": 155, "fields": {"action_time": "2023-01-03T11:05:28.018Z", "user": 1, "content_type": 14, "object_id": "136", "object_repr": "Bounce Comfort Plush Memory Foam Chenille Bath Mats", "action_flag": 3, "change_message": ""}}, {"model": "admin.logentry", "pk": 156, "fields": {"action_time": "2023-01-03T11:05:28.020Z", "user": 1, "content_type": 14, "object_id": "137", "object_repr": "Disney Minnie Mouse Girls Athletic Shoes - Toddler", "action_flag": 3, "change_message": ""}}, {"model": "admin.logentry", "pk": 157, "fields": {"action_time": "2023-01-03T11:05:28.021Z", "user": 1, "content_type": 14, "object_id": "138", "object_repr": "Worthington 3/4-Sleeve Open-Front Cardigan Sweater", "action_flag": 3, "change_message": ""}}, {"model": "admin.logentry", "pk": 158, "fields": {"action_time": "2023-01-03T11:05:28.023Z", "user": 1, "content_type": 14, "object_id": "139", "object_repr": "Champion Vapor Muscle Tank - Plus", "action_flag": 3, "change_message": ""}}, {"model": "admin.logentry", "pk": 159, "fields": {"action_time": "2023-01-03T11:05:28.025Z", "user": 1, "content_type": 14, "object_id": "142", "object_repr": "Xersion Mesh-Back Tank Top - Plus", "action_flag": 3, "change_message": ""}}, {"model": "admin.logentry", "pk": 160, "fields": {"action_time": "2023-01-03T11:05:28.027Z", "user": 1, "content_type": 14, "object_id": "143", "object_repr": "Arizona Cropped Jeans with Belt - Girls 7-16 and Plus", "action_flag": 3, "change_message": ""}}, {"model": "admin.logentry", "pk": 161, "fields": {"action_time": "2023-01-03T11:05:28.028Z", "user": 1, "content_type": 14, "object_id": "144", "object_repr": "Liz Claiborne City-Fit 5-Pocket Flared Cropped Jeans - Tall", "action_flag": 3, "change_message": ""}}, {"model": "admin.logentry", "pk": 162, "fields": {"action_time": "2023-01-03T11:05:28.030Z", "user": 1, "content_type": 14, "object_id": "145", "object_repr": "Presto Pizzazz Plus Rotating Oven", "action_flag": 3, "change_message": ""}}, {"model": "admin.logentry", "pk": 163, "fields": {"action_time": "2023-01-03T11:05:28.031Z", "user": 1, "content_type": 14, "object_id": "146", "object_repr": "Rachael Ray 10-pc. Hard-Anodized Cookware Set", "action_flag": 3, "change_message": ""}}, {"model": "admin.logentry", "pk": 164, "fields": {"action_time": "2023-01-03T11:05:28.033Z", "user": 1, "content_type": 14, "object_id": "147", "object_repr": "Island Shores Short-Sleeve Printed Camp Shirt", "action_flag": 3, "change_message": ""}}, {"model": "admin.logentry", "pk": 165, "fields": {"action_time": "2023-01-03T11:05:28.035Z", "user": 1, "content_type": 14, "object_id": "148", "object_repr": "Black+Decker Stainless Steel Rapid 2-Slice Toaster", "action_flag": 3, "change_message": ""}}, {"model": "admin.logentry", "pk": 166, "fields": {"action_time": "2023-01-03T11:05:28.037Z", "user": 1, "content_type": 14, "object_id": "149", "object_repr": "Stylus Linen Crop Pants", "action_flag": 3, "change_message": ""}}, {"model": "admin.logentry", "pk": 167, "fields": {"action_time": "2023-01-03T11:05:28.038Z", "user": 1, "content_type": 14, "object_id": "150", "object_repr": "Carter's Short-Sleeve Shark Tee - Preschool Boys 4-7", "action_flag": 3, "change_message": ""}}, {"model": "admin.logentry", "pk": 168, "fields": {"action_time": "2023-01-03T11:05:28.040Z", "user": 1, "content_type": 14, "object_id": "151", "object_repr": "Made for Life Secretly Slender Capri Leggings - Plus", "action_flag": 3, "change_message": ""}}, {"model": "admin.logentry", "pk": 169, "fields": {"action_time": "2023-01-03T11:05:28.041Z", "user": 1, "content_type": 14, "object_id": "152", "object_repr": "Arizona Raw-Edge Denim Bermuda Shorts - Juniors Plus", "action_flag": 3, "change_message": ""}}, {"model": "admin.logentry", "pk": 170, "fields": {"action_time": "2023-01-03T11:05:28.043Z", "user": 1, "content_type": 14, "object_id": "153", "object_repr": "Made For Life Short-Sleeve Print V-Neck Mesh T-Shirt - Tall", "action_flag": 3, "change_message": ""}}, {"model": "admin.logentry", "pk": 171, "fields": {"action_time": "2023-01-03T11:05:28.045Z", "user": 1, "content_type": 14, "object_id": "154", "object_repr": "Dockers Signature Classic-Fit Flat-Front Pants", "action_flag": 3, "change_message": ""}}, {"model": "admin.logentry", "pk": 172, "fields": {"action_time": "2023-01-03T11:05:28.047Z", "user": 1, "content_type": 14, "object_id": "155", "object_repr": "Stylus Long-Sleeve Back-Pleat Oversized Shirt- Petite", "action_flag": 3, "change_message": ""}}, {"model": "admin.logentry", "pk": 173, "fields": {"action_time": "2023-01-03T11:05:28.048Z", "user": 1, "content_type": 14, "object_id": "156", "object_repr": "Graham & Co. Dress Shirt, Tie and Pre-Tied Bow Tie", "action_flag": 3, "change_message": ""}}, {"model": "admin.logentry", "pk": 174, "fields": {"action_time": "2023-01-03T11:05:28.050Z", "user": 1, "content_type": 14, "object_id": "157", "object_repr": "Arizona Flex Skinny Jeans", "action_flag": 3, "change_message": ""}}, {"model": "admin.logentry", "pk": 175, "fields": {"action_time": "2023-01-03T11:05:28.051Z", "user": 1, "content_type": 14, "object_id": "158", "object_repr": "Worthington Embroidered Tank Top - Tall", "action_flag": 3, "change_message": ""}}, {"model": "admin.logentry", "pk": 176, "fields": {"action_time": "2023-01-03T11:05:28.053Z", "user": 1, "content_type": 14, "object_id": "159", "object_repr": "Made for Life Mesh Shorts - Tall", "action_flag": 3, "change_message": ""}}, {"model": "admin.logentry", "pk": 177, "fields": {"action_time": "2023-01-03T11:05:28.055Z", "user": 1, "content_type": 14, "object_id": "160", "object_repr": "Worthington Slim-Fit Cropped Pants", "action_flag": 3, "change_message": ""}}, {"model": "admin.logentry", "pk": 178, "fields": {"action_time": "2023-01-03T11:05:28.056Z", "user": 1, "content_type": 14, "object_id": "161", "object_repr": "Arizona Poplin Cargo Shorts - Boys 8-20", "action_flag": 3, "change_message": ""}}, {"model": "admin.logentry", "pk": 179, "fields": {"action_time": "2023-01-03T11:05:28.058Z", "user": 1, "content_type": 14, "object_id": "162", "object_repr": "a.n.a Sleeveless Cinched Waist Knit Jumpsuit", "action_flag": 3, "change_message": ""}}, {"model": "admin.logentry", "pk": 180, "fields": {"action_time": "2023-01-03T11:05:28.059Z", "user": 1, "content_type": 14, "object_id": "163", "object_repr": "i jeans by Buffalo Lace Midi Skirt", "action_flag": 3, "change_message": ""}}, {"model": "admin.logentry", "pk": 181, "fields": {"action_time": "2023-01-03T11:05:28.061Z", "user": 1, "content_type": 14, "object_id": "164", "object_repr": "Liz Claiborne Roll-Cuff Cargo Shorts", "action_flag": 3, "change_message": ""}}, {"model": "admin.logentry", "pk": 182, "fields": {"action_time": "2023-01-03T11:05:28.063Z", "user": 1, "content_type": 14, "object_id": "165", "object_repr": "Worthington Mixed Media Open Back Blouse - Plus", "action_flag": 3, "change_message": ""}}, {"model": "admin.logentry", "pk": 183, "fields": {"action_time": "2023-01-03T11:05:28.064Z", "user": 1, "content_type": 14, "object_id": "166", "object_repr": "Steve Harvey Linen Blend Vest - Big & Tall", "action_flag": 3, "change_message": ""}}, {"model": "admin.logentry", "pk": 184, "fields": {"action_time": "2023-01-03T11:05:28.066Z", "user": 1, "content_type": 14, "object_id": "167", "object_repr": "Studio 1 Sleeveless Embellished-Neck Handkerchief Dress - Plus", "action_flag": 3, "change_message": ""}}, {"model": "admin.logentry", "pk": 185, "fields": {"action_time": "2023-01-03T11:05:28.067Z", "user": 1, "content_type": 14, "object_id": "168", "object_repr": "Danny & Nicole Sleeveless Printed Fit-and-Flare Dress - Plus", "action_flag": 3, "change_message": ""}}, {"model": "admin.logentry", "pk": 186, "fields": {"action_time": "2023-01-03T11:05:28.069Z", "user": 1, "content_type": 14, "object_id": "169", "object_repr": "MaryJane's Home Cotton Clouds Square Decorative Pillow", "action_flag": 3, "change_message": ""}}, {"model": "admin.logentry", "pk": 187, "fields": {"action_time": "2023-01-03T11:05:28.071Z", "user": 1, "content_type": 14, "object_id": "170", "object_repr": "City Triangles Sleeveless Lace Top Printed Short Belted Romper", "action_flag": 3, "change_message": ""}}, {"model": "admin.logentry", "pk": 188, "fields": {"action_time": "2023-01-03T11:05:28.072Z", "user": 1, "content_type": 14, "object_id": "171", "object_repr": "by&by Spaghetti Strap Crochet Inset Waist Dress", "action_flag": 3, "change_message": ""}}, {"model": "admin.logentry", "pk": 189, "fields": {"action_time": "2023-01-03T11:05:28.075Z", "user": 1, "content_type": 14, "object_id": "172", "object_repr": "Stylus Flare Jeans", "action_flag": 3, "change_message": ""}}, {"model": "admin.logentry", "pk": 190, "fields": {"action_time": "2023-01-03T11:05:28.077Z", "user": 1, "content_type": 14, "object_id": "173", "object_repr": "Alyx Printed Maxi Skirt", "action_flag": 3, "change_message": ""}}, {"model": "admin.logentry", "pk": 191, "fields": {"action_time": "2023-01-03T11:05:28.079Z", "user": 1, "content_type": 14, "object_id": "174", "object_repr": "St. John's Bay Ikat Sharkbite Tank Top", "action_flag": 3, "change_message": ""}}, {"model": "admin.logentry", "pk": 192, "fields": {"action_time": "2023-01-03T11:07:37.145Z", "user": 1, "content_type": 14, "object_id": "175", "object_repr": "shortboards", "action_flag": 1, "change_message": "[{\"added\": {}}]"}}, {"model": "admin.logentry", "pk": 193, "fields": {"action_time": "2023-01-03T11:07:54.559Z", "user": 1, "content_type": 14, "object_id": "175", "object_repr": "shortboards", "action_flag": 2, "change_message": "[{\"changed\": {\"fields\": [\"Sku\"]}}]"}}, {"model": "admin.logentry", "pk": 194, "fields": {"action_time": "2023-01-03T11:11:48.253Z", "user": 1, "content_type": 14, "object_id": "176", "object_repr": "Fish Boards", "action_flag": 1, "change_message": "[{\"added\": {}}]"}}, {"model": "admin.logentry", "pk": 195, "fields": {"action_time": "2023-01-06T06:58:27.031Z", "user": 1, "content_type": 14, "object_id": "177", "object_repr": "McKeen SurfBoard", "action_flag": 1, "change_message": "[{\"added\": {}}]"}}, {"model": "admin.logentry", "pk": 196, "fields": {"action_time": "2023-01-06T06:59:55.517Z", "user": 1, "content_type": 14, "object_id": "178", "object_repr": "Viv Twin Shortboard", "action_flag": 1, "change_message": "[{\"added\": {}}]"}}, {"model": "admin.logentry", "pk": 197, "fields": {"action_time": "2023-01-06T07:01:06.425Z", "user": 1, "content_type": 14, "object_id": "179", "object_repr": "Life On", "action_flag": 1, "change_message": "[{\"added\": {}}]"}}, {"model": "admin.logentry", "pk": 198, "fields": {"action_time": "2023-01-06T07:21:02.460Z", "user": 1, "content_type": 14, "object_id": "179", "object_repr": "Life On", "action_flag": 2, "change_message": "[{\"changed\": {\"fields\": [\"Image\"]}}]"}}, {"model": "admin.logentry", "pk": 199, "fields": {"action_time": "2023-01-06T07:21:13.667Z", "user": 1, "content_type": 14, "object_id": "178", "object_repr": "Viv Twin Shortboard", "action_flag": 2, "change_message": "[{\"changed\": {\"fields\": [\"Image\"]}}]"}}, {"model": "admin.logentry", "pk": 200, "fields": {"action_time": "2023-01-06T07:21:22.036Z", "user": 1, "content_type": 14, "object_id": "177", "object_repr": "McKeen SurfBoard", "action_flag": 2, "change_message": "[{\"changed\": {\"fields\": [\"Image\"]}}]"}}, {"model": "admin.logentry", "pk": 201, "fields": {"action_time": "2023-01-06T07:21:35.603Z", "user": 1, "content_type": 14, "object_id": "179", "object_repr": "Life On", "action_flag": 2, "change_message": "[{\"changed\": {\"fields\": [\"Image\"]}}]"}}, {"model": "admin.logentry", "pk": 202, "fields": {"action_time": "2023-01-06T07:21:50.852Z", "user": 1, "content_type": 14, "object_id": "178", "object_repr": "Viv Twin Shortboard", "action_flag": 2, "change_message": "[{\"changed\": {\"fields\": [\"Image\"]}}]"}}, {"model": "admin.logentry", "pk": 203, "fields": {"action_time": "2023-01-06T07:22:05.133Z", "user": 1, "content_type": 14, "object_id": "177", "object_repr": "McKeen SurfBoard", "action_flag": 2, "change_message": "[{\"changed\": {\"fields\": [\"Image\"]}}]"}}, {"model": "admin.logentry", "pk": 204, "fields": {"action_time": "2023-01-06T07:22:15.828Z", "user": 1, "content_type": 14, "object_id": "175", "object_repr": "shortboards", "action_flag": 2, "change_message": "[{\"changed\": {\"fields\": [\"Image\"]}}]"}}, {"model": "admin.logentry", "pk": 205, "fields": {"action_time": "2023-01-08T10:59:28.734Z", "user": 1, "content_type": 14, "object_id": "176", "object_repr": "Fish Boards", "action_flag": 2, "change_message": "[{\"changed\": {\"fields\": [\"Image\"]}}]"}}, {"model": "admin.logentry", "pk": 206, "fields": {"action_time": "2023-01-13T02:54:56.033Z", "user": 1, "content_type": 13, "object_id": "13", "object_repr": "Fishboard", "action_flag": 1, "change_message": "[{\"added\": {}}]"}}, {"model": "admin.logentry", "pk": 207, "fields": {"action_time": "2023-01-13T02:55:05.833Z", "user": 1, "content_type": 13, "object_id": "10", "object_repr": "Shortboard", "action_flag": 2, "change_message": "[{\"changed\": {\"fields\": [\"Name\"]}}]"}}, {"model": "admin.logentry", "pk": 208, "fields": {"action_time": "2023-01-13T02:55:16.975Z", "user": 1, "content_type": 14, "object_id": "176", "object_repr": "Fish Boards", "action_flag": 2, "change_message": "[{\"changed\": {\"fields\": [\"Category\"]}}]"}}, {"model": "admin.logentry", "pk": 209, "fields": {"action_time": "2023-01-13T03:04:53.998Z", "user": 1, "content_type": 14, "object_id": "180", "object_repr": "Cimarron Fish Board", "action_flag": 1, "change_message": "[{\"added\": {}}]"}}, {"model": "admin.logentry", "pk": 210, "fields": {"action_time": "2023-01-13T03:05:26.628Z", "user": 1, "content_type": 14, "object_id": "181", "object_repr": "Wood Fishboard", "action_flag": 1, "change_message": "[{\"added\": {}}]"}}, {"model": "admin.logentry", "pk": 211, "fields": {"action_time": "2023-01-13T03:06:00.467Z", "user": 1, "content_type": 14, "object_id": "182", "object_repr": "White Fish Board", "action_flag": 1, "change_message": "[{\"added\": {}}]"}}, {"model": "admin.logentry", "pk": 212, "fields": {"action_time": "2023-01-13T03:06:34.483Z", "user": 1, "content_type": 14, "object_id": "180", "object_repr": "Cimarron Fish Board", "action_flag": 2, "change_message": "[{\"changed\": {\"fields\": [\"Image\"]}}]"}}, {"model": "admin.logentry", "pk": 213, "fields": {"action_time": "2023-01-13T03:20:10.961Z", "user": 1, "content_type": 14, "object_id": "183", "object_repr": "Black Single Fin", "action_flag": 1, "change_message": "[{\"added\": {}}]"}}, {"model": "admin.logentry", "pk": 214, "fields": {"action_time": "2023-01-13T03:21:30.469Z", "user": 1, "content_type": 14, "object_id": "184", "object_repr": "Black and White  Ssingle Fin", "action_flag": 1, "change_message": "[{\"added\": {}}]"}}, {"model": "admin.logentry", "pk": 215, "fields": {"action_time": "2023-01-13T03:22:22.710Z", "user": 1, "content_type": 14, "object_id": "185", "object_repr": "Short Black Fin", "action_flag": 1, "change_message": "[{\"added\": {}}]"}}, {"model": "admin.logentry", "pk": 216, "fields": {"action_time": "2023-01-13T03:23:55.414Z", "user": 1, "content_type": 14, "object_id": "186", "object_repr": "Northcore Fin", "action_flag": 1, "change_message": "[{\"added\": {}}]"}}, {"model": "admin.logentry", "pk": 217, "fields": {"action_time": "2023-01-13T03:24:53.389Z", "user": 1, "content_type": 14, "object_id": "186", "object_repr": "Northcore Fin", "action_flag": 3, "change_message": ""}}, {"model": "admin.logentry", "pk": 218, "fields": {"action_time": "2023-01-13T03:25:12.329Z", "user": 1, "content_type": 14, "object_id": "184", "object_repr": "Black and White  Single Fin", "action_flag": 2, "change_message": "[{\"changed\": {\"fields\": [\"Name\", \"Image\"]}}]"}}, {"model": "admin.logentry", "pk": 219, "fields": {"action_time": "2023-01-14T05:32:23.658Z", "user": 1, "content_type": 14, "object_id": "187", "object_repr": "Everest Gray", "action_flag": 1, "change_message": "[{\"added\": {}}]"}}, {"model": "admin.logentry", "pk": 220, "fields": {"action_time": "2023-01-14T05:33:14.837Z", "user": 1, "content_type": 14, "object_id": "188", "object_repr": "Everest Blue", "action_flag": 1, "change_message": "[{\"added\": {}}]"}}, {"model": "admin.logentry", "pk": 221, "fields": {"action_time": "2023-01-14T05:33:59.624Z", "user": 1, "content_type": 14, "object_id": "189", "object_repr": "Everest Balck Wetsuit", "action_flag": 1, "change_message": "[{\"added\": {}}]"}}, {"model": "admin.logentry", "pk": 222, "fields": {"action_time": "2023-01-14T05:34:32.728Z", "user": 1, "content_type": 13, "object_id": "14", "object_repr": "Men Wetsuit", "action_flag": 1, "change_message": "[{\"added\": {}}]"}}, {"model": "admin.logentry", "pk": 223, "fields": {"action_time": "2023-01-14T05:34:49.993Z", "user": 1, "content_type": 13, "object_id": "15", "object_repr": "Women Wetsuit", "action_flag": 1, "change_message": "[{\"added\": {}}]"}}, {"model": "admin.logentry", "pk": 224, "fields": {"action_time": "2023-01-14T05:35:09.696Z", "user": 1, "content_type": 14, "object_id": "189", "object_repr": "Everest Balck Wetsuit", "action_flag": 2, "change_message": "[{\"changed\": {\"fields\": [\"Category\"]}}]"}}, {"model": "admin.logentry", "pk": 225, "fields": {"action_time": "2023-01-14T05:35:19.035Z", "user": 1, "content_type": 14, "object_id": "188", "object_repr": "Everest Blue", "action_flag": 2, "change_message": "[{\"changed\": {\"fields\": [\"Category\"]}}]"}}, {"model": "admin.logentry", "pk": 226, "fields": {"action_time": "2023-01-14T05:35:28.224Z", "user": 1, "content_type": 14, "object_id": "187", "object_repr": "Everest Gray", "action_flag": 2, "change_message": "[{\"changed\": {\"fields\": [\"Category\"]}}]"}}, {"model": "admin.logentry", "pk": 227, "fields": {"action_time": "2023-01-14T05:35:37.646Z", "user": 1, "content_type": 13, "object_id": "12", "object_repr": "WETSUITS", "action_flag": 3, "change_message": ""}}, {"model": "admin.logentry", "pk": 228, "fields": {"action_time": "2023-01-14T05:43:05.186Z", "user": 1, "content_type": 14, "object_id": "190", "object_repr": "Volley Black Long Sleeves", "action_flag": 1, "change_message": "[{\"added\": {}}]"}}, {"model": "admin.logentry", "pk": 229, "fields": {"action_time": "2023-01-14T05:43:55.522Z", "user": 1, "content_type": 14, "object_id": "191", "object_repr": "Volley Black White Long Sleeves", "action_flag": 1, "change_message": "[{\"added\": {}}]"}}, {"model": "admin.logentry", "pk": 230, "fields": {"action_time": "2023-01-14T05:45:22.035Z", "user": 1, "content_type": 14, "object_id": "192", "object_repr": "Sunshine Black Blue Short Sleeves", "action_flag": 1, "change_message": "[{\"added\": {}}]"}}, {"model": "admin.logentry", "pk": 231, "fields": {"action_time": "2023-01-14T05:46:25.487Z", "user": 1, "content_type": 14, "object_id": "193", "object_repr": "Sunshine  Black Pink Short Sleeves", "action_flag": 1, "change_message": "[{\"added\": {}}]"}}, {"model": "admin.logentry", "pk": 232, "fields": {"action_time": "2023-01-14T05:47:04.497Z", "user": 1, "content_type": 14, "object_id": "194", "object_repr": "Sunshine Black Pink Long Sleeves", "action_flag": 1, "change_message": "[{\"added\": {}}]"}}, {"model": "admin.logentry", "pk": 233, "fields": {"action_time": "2023-01-14T05:47:52.364Z", "user": 1, "content_type": 14, "object_id": "195", "object_repr": "Sunshine Black Short Leaves", "action_flag": 1, "change_message": "[{\"added\": {}}]"}}, {"model": "admin.logentry", "pk": 234, "fields": {"action_time": "2023-01-17T02:18:12.082Z", "user": 1, "content_type": 14, "object_id": "182", "object_repr": "White Fish Board", "action_flag": 2, "change_message": "[]"}}, {"model": "admin.logentry", "pk": 235, "fields": {"action_time": "2023-01-17T03:54:34.770Z", "user": 1, "content_type": 13, "object_id": "13", "object_repr": "Fishboard", "action_flag": 2, "change_message": "[]"}}, {"model": "admin.logentry", "pk": 236, "fields": {"action_time": "2023-01-17T03:54:50.704Z", "user": 1, "content_type": 14, "object_id": "182", "object_repr": "White Fish Board", "action_flag": 2, "change_message": "[{\"changed\": {\"fields\": [\"Has sizes\"]}}]"}}, {"model": "admin.logentry", "pk": 237, "fields": {"action_time": "2023-01-17T03:54:57.580Z", "user": 1, "content_type": 14, "object_id": "180", "object_repr": "Cimarron Fish Board", "action_flag": 2, "change_message": "[{\"changed\": {\"fields\": [\"Has sizes\"]}}]"}}, {"model": "admin.logentry", "pk": 238, "fields": {"action_time": "2023-01-17T03:55:07.755Z", "user": 1, "content_type": 14, "object_id": "184", "object_repr": "Black and White  Single Fin", "action_flag": 2, "change_message": "[{\"changed\": {\"fields\": [\"Has sizes\"]}}]"}}, {"model": "admin.logentry", "pk": 239, "fields": {"action_time": "2023-01-17T03:55:15.003Z", "user": 1, "content_type": 14, "object_id": "185", "object_repr": "Short Black Fin", "action_flag": 2, "change_message": "[{\"changed\": {\"fields\": [\"Has sizes\"]}}]"}}, {"model": "admin.logentry", "pk": 240, "fields": {"action_time": "2023-01-17T03:55:24.697Z", "user": 1, "content_type": 14, "object_id": "183", "object_repr": "Black Single Fin", "action_flag": 2, "change_message": "[{\"changed\": {\"fields\": [\"Has sizes\"]}}]"}}, {"model": "admin.logentry", "pk": 241, "fields": {"action_time": "2023-01-17T03:55:34.623Z", "user": 1, "content_type": 14, "object_id": "176", "object_repr": "Fish Boards", "action_flag": 2, "change_message": "[{\"changed\": {\"fields\": [\"Has sizes\"]}}]"}}, {"model": "admin.logentry", "pk": 242, "fields": {"action_time": "2023-01-17T03:55:43.427Z", "user": 1, "content_type": 14, "object_id": "181", "object_repr": "Wood Fishboard", "action_flag": 2, "change_message": "[{\"changed\": {\"fields\": [\"Has sizes\"]}}]"}}, {"model": "admin.logentry", "pk": 243, "fields": {"action_time": "2023-01-17T03:55:51.576Z", "user": 1, "content_type": 14, "object_id": "179", "object_repr": "Life On", "action_flag": 2, "change_message": "[{\"changed\": {\"fields\": [\"Has sizes\"]}}]"}}, {"model": "admin.logentry", "pk": 244, "fields": {"action_time": "2023-01-17T03:56:02.212Z", "user": 1, "content_type": 14, "object_id": "175", "object_repr": "shortboards", "action_flag": 2, "change_message": "[{\"changed\": {\"fields\": [\"Has sizes\"]}}]"}}, {"model": "admin.logentry", "pk": 245, "fields": {"action_time": "2023-01-17T03:56:10.242Z", "user": 1, "content_type": 14, "object_id": "177", "object_repr": "McKeen SurfBoard", "action_flag": 2, "change_message": "[{\"changed\": {\"fields\": [\"Has sizes\"]}}]"}}, {"model": "admin.logentry", "pk": 246, "fields": {"action_time": "2023-01-17T03:56:22.744Z", "user": 1, "content_type": 14, "object_id": "178", "object_repr": "Viv Twin Shortboard", "action_flag": 2, "change_message": "[{\"changed\": {\"fields\": [\"Has sizes\"]}}]"}}, {"model": "admin.logentry", "pk": 247, "fields": {"action_time": "2023-01-17T03:56:33.163Z", "user": 1, "content_type": 14, "object_id": "179", "object_repr": "Life On", "action_flag": 2, "change_message": "[]"}}, {"model": "admin.logentry", "pk": 248, "fields": {"action_time": "2023-01-20T11:13:25.610Z", "user": 1, "content_type": 15, "object_id": "1", "object_repr": "CFD34BBA1B304B18B81AF5EE69935151", "action_flag": 3, "change_message": ""}}, {"model": "admin.logentry", "pk": 249, "fields": {"action_time": "2023-01-21T05:50:17.141Z", "user": 1, "content_type": 13, "object_id": "10", "object_repr": "Shortboard", "action_flag": 2, "change_message": "[{\"changed\": {\"fields\": [\"Friendly name\"]}}]"}}, {"model": "admin.logentry", "pk": 250, "fields": {"action_time": "2023-01-21T06:04:13.650Z", "user": 1, "content_type": 13, "object_id": "16", "object_repr": "sales", "action_flag": 1, "change_message": "[{\"added\": {}}]"}}, {"model": "admin.logentry", "pk": 251, "fields": {"action_time": "2023-01-21T06:04:22.727Z", "user": 1, "content_type": 13, "object_id": "16", "object_repr": "sales", "action_flag": 2, "change_message": "[]"}}, {"model": "admin.logentry", "pk": 252, "fields": {"action_time": "2023-01-21T06:08:40.874Z", "user": 1, "content_type": 14, "object_id": "196", "object_repr": "Volley White", "action_flag": 1, "change_message": "[{\"added\": {}}]"}}, {"model": "admin.logentry", "pk": 253, "fields": {"action_time": "2023-01-21T06:09:13.229Z", "user": 1, "content_type": 14, "object_id": "197", "object_repr": "Pro White Surfboard", "action_flag": 1, "change_message": "[{\"added\": {}}]"}}, {"model": "admin.logentry", "pk": 254, "fields": {"action_time": "2023-01-21T06:16:16.315Z", "user": 1, "content_type": 14, "object_id": "197", "object_repr": "Eco Red Surfboard", "action_flag": 2, "change_message": "[{\"changed\": {\"fields\": [\"Name\", \"Image\"]}}]"}}, {"model": "admin.logentry", "pk": 255, "fields": {"action_time": "2023-01-21T06:16:41.546Z", "user": 1, "content_type": 14, "object_id": "196", "object_repr": "Eco Brown Surfboard", "action_flag": 2, "change_message": "[{\"changed\": {\"fields\": [\"Name\", \"Image\"]}}]"}}, {"model": "admin.logentry", "pk": 256, "fields": {"action_time": "2023-01-21T12:22:48.822Z", "user": 1, "content_type": 14, "object_id": "182", "object_repr": "White Fish Board", "action_flag": 2, "change_message": "[]"}}, {"model": "admin.logentry", "pk": 257, "fields": {"action_time": "2023-01-22T11:02:59.009Z", "user": 1, "content_type": 14, "object_id": "182", "object_repr": "White FishBoard", "action_flag": 2, "change_message": "[{\"changed\": {\"fields\": [\"Name\", \"Description\"]}}]"}}, {"model": "admin.logentry", "pk": 258, "fields": {"action_time": "2023-01-22T11:03:33.808Z", "user": 1, "content_type": 14, "object_id": "180", "object_repr": "Cimarron FishBoard", "action_flag": 2, "change_message": "[{\"changed\": {\"fields\": [\"Name\", \"Description\"]}}]"}}, {"model": "admin.logentry", "pk": 259, "fields": {"action_time": "2023-01-22T11:03:46.954Z", "user": 1, "content_type": 14, "object_id": "189", "object_repr": "Everest Balck Wetsuit", "action_flag": 2, "change_message": "[{\"changed\": {\"fields\": [\"Description\"]}}]"}}, {"model": "admin.logentry", "pk": 260, "fields": {"action_time": "2023-01-22T11:04:07.341Z", "user": 1, "content_type": 14, "object_id": "188", "object_repr": "Everest Blue Wetsuit", "action_flag": 2, "change_message": "[{\"changed\": {\"fields\": [\"Name\", \"Description\"]}}]"}}, {"model": "admin.logentry", "pk": 261, "fields": {"action_time": "2023-01-22T11:04:25.676Z", "user": 1, "content_type": 14, "object_id": "187", "object_repr": "Everest Gray  Wetsuit", "action_flag": 2, "change_message": "[{\"changed\": {\"fields\": [\"Sku\", \"Name\", \"Description\"]}}]"}}, {"model": "admin.logentry", "pk": 262, "fields": {"action_time": "2023-01-22T11:04:49.144Z", "user": 1, "content_type": 14, "object_id": "195", "object_repr": "Black Short Leaves Wetsuit", "action_flag": 2, "change_message": "[{\"changed\": {\"fields\": [\"Name\", \"Description\"]}}]"}}, {"model": "admin.logentry", "pk": 263, "fields": {"action_time": "2023-01-22T11:05:08.086Z", "user": 1, "content_type": 14, "object_id": "194", "object_repr": "Black Pink Long Sleeves Wetsuit", "action_flag": 2, "change_message": "[{\"changed\": {\"fields\": [\"Name\", \"Description\"]}}]"}}, {"model": "admin.logentry", "pk": 264, "fields": {"action_time": "2023-01-22T11:06:38.923Z", "user": 1, "content_type": 14, "object_id": "193", "object_repr": "Black Pink Short Sleeves Wetsuit", "action_flag": 2, "change_message": "[{\"changed\": {\"fields\": [\"Name\", \"Description\"]}}]"}}, {"model": "admin.logentry", "pk": 265, "fields": {"action_time": "2023-01-22T11:07:06.596Z", "user": 1, "content_type": 14, "object_id": "192", "object_repr": "Black Blue Short Sleeves Wetsuit", "action_flag": 2, "change_message": "[{\"changed\": {\"fields\": [\"Name\", \"Description\"]}}]"}}, {"model": "admin.logentry", "pk": 266, "fields": {"action_time": "2023-01-22T11:07:33.154Z", "user": 1, "content_type": 14, "object_id": "191", "object_repr": "Black White Long Sleeves Wetsuit", "action_flag": 2, "change_message": "[{\"changed\": {\"fields\": [\"Name\"]}}]"}}, {"model": "admin.logentry", "pk": 267, "fields": {"action_time": "2023-01-22T11:07:49.717Z", "user": 1, "content_type": 14, "object_id": "190", "object_repr": "Black Long Sleeves Wetsuit", "action_flag": 2, "change_message": "[{\"changed\": {\"fields\": [\"Name\"]}}]"}}, {"model": "admin.logentry", "pk": 268, "fields": {"action_time": "2023-01-22T11:08:20.164Z", "user": 1, "content_type": 14, "object_id": "184", "object_repr": "Black and White  Single Fin", "action_flag": 2, "change_message": "[{\"changed\": {\"fields\": [\"Description\"]}}]"}}, {"model": "admin.logentry", "pk": 269, "fields": {"action_time": "2023-01-22T22:59:59.005Z", "user": 1, "content_type": 14, "object_id": "182", "object_repr": "White FishBoard", "action_flag": 2, "change_message": "[{\"changed\": {\"fields\": [\"Rating\"]}}]"}}, {"model": "admin.logentry", "pk": 270, "fields": {"action_time": "2023-01-22T23:00:10.067Z", "user": 1, "content_type": 14, "object_id": "182", "object_repr": "White FishBoard", "action_flag": 2, "change_message": "[]"}}, {"model": "admin.logentry", "pk": 271, "fields": {"action_time": "2023-01-24T08:37:09.100Z", "user": 1, "content_type": 14, "object_id": "199", "object_repr": "Brown Shortboard", "action_flag": 1, "change_message": "[{\"added\": {}}]"}}, {"model": "admin.logentry", "pk": 272, "fields": {"action_time": "2023-01-24T08:39:53.285Z", "user": 1, "content_type": 14, "object_id": "200", "object_repr": "shortboard", "action_flag": 1, "change_message": "[{\"added\": {}}]"}}, {"model": "admin.logentry", "pk": 273, "fields": {"action_time": "2023-01-24T08:40:09.957Z", "user": 1, "content_type": 14, "object_id": "193", "object_repr": "Black Pink Short Sleeves Wetsuit", "action_flag": 2, "change_message": "[{\"changed\": {\"fields\": [\"Image\"]}}]"}}, {"model": "admin.logentry", "pk": 274, "fields": {"action_time": "2023-01-24T08:45:09.379Z", "user": 1, "content_type": 14, "object_id": "201", "object_repr": "Black Men Wetsuit", "action_flag": 1, "change_message": "[{\"added\": {}}]"}}, {"model": "admin.logentry", "pk": 275, "fields": {"action_time": "2023-01-24T10:10:35.952Z", "user": 1, "content_type": 14, "object_id": "201", "object_repr": "Black Men Wetsuit", "action_flag": 2, "change_message": "[{\"changed\": {\"fields\": [\"Image\"]}}]"}}, {"model": "admin.logentry", "pk": 276, "fields": {"action_time": "2023-01-24T10:11:38.892Z", "user": 1, "content_type": 14, "object_id": "201", "object_repr": "Black and Green Wetsuit", "action_flag": 2, "change_message": "[{\"changed\": {\"fields\": [\"Sku\", \"Name\", \"Description\", \"Image\"]}}]"}}, {"model": "admin.logentry", "pk": 277, "fields": {"action_time": "2023-01-24T10:13:51.558Z", "user": 1, "content_type": 14, "object_id": "189", "object_repr": "Equip Man Wetsuit", "action_flag": 2, "change_message": "[{\"changed\": {\"fields\": [\"Sku\", \"Name\", \"Description\", \"Image\"]}}]"}}, {"model": "admin.logentry", "pk": 278, "fields": {"action_time": "2023-01-24T10:14:02.405Z", "user": 1, "content_type": 14, "object_id": "189", "object_repr": "Equip Man Wetsuit", "action_flag": 2, "change_message": "[]"}}, {"model": "admin.logentry", "pk": 279, "fields": {"action_time": "2023-01-24T10:14:09.695Z", "user": 1, "content_type": 14, "object_id": "201", "object_repr": "Black and Green Wetsuit", "action_flag": 2, "change_message": "[]"}}, {"model": "admin.logentry", "pk": 280, "fields": {"action_time": "2023-01-24T10:15:07.398Z", "user": 1, "content_type": 14, "object_id": "188", "object_repr": "Orca Man Wetsuit", "action_flag": 2, "change_message": "[{\"changed\": {\"fields\": [\"Sku\", \"Name\", \"Description\", \"Image\"]}}]"}}, {"model": "admin.logentry", "pk": 281, "fields": {"action_time": "2023-01-24T10:15:19.140Z", "user": 1, "content_type": 14, "object_id": "188", "object_repr": "Orca Man Wetsuit", "action_flag": 2, "change_message": "[]"}}, {"model": "admin.logentry", "pk": 282, "fields": {"action_time": "2023-01-24T10:16:03.987Z", "user": 1, "content_type": 14, "object_id": "187", "object_repr": "Everest Gray Wetsuit", "action_flag": 2, "change_message": "[{\"changed\": {\"fields\": [\"Sku\", \"Name\", \"Description\", \"Image\"]}}]"}}, {"model": "admin.logentry", "pk": 283, "fields": {"action_time": "2023-01-24T10:17:41.021Z", "user": 1, "content_type": 14, "object_id": "202", "object_repr": "Orca Man Wetsuit", "action_flag": 1, "change_message": "[{\"added\": {}}]"}}, {"model": "admin.logentry", "pk": 284, "fields": {"action_time": "2023-01-24T10:18:50.682Z", "user": 1, "content_type": 14, "object_id": "203", "object_repr": "O'neill Man Wetsuit", "action_flag": 1, "change_message": "[{\"added\": {}}]"}}, {"model": "admin.logentry", "pk": 285, "fields": {"action_time": "2023-01-24T10:24:08.023Z", "user": 1, "content_type": 14, "object_id": "195", "object_repr": "Sunshine Woman Wetsuit", "action_flag": 2, "change_message": "[{\"changed\": {\"fields\": [\"Name\", \"Description\", \"Image\"]}}]"}}, {"model": "admin.logentry", "pk": 286, "fields": {"action_time": "2023-01-24T10:26:34.496Z", "user": 1, "content_type": 14, "object_id": "194", "object_repr": "Sunshine Green Woman Wetsuit", "action_flag": 2, "change_message": "[{\"changed\": {\"fields\": [\"Name\", \"Description\", \"Image\"]}}]"}}, {"model": "admin.logentry", "pk": 287, "fields": {"action_time": "2023-01-24T10:27:21.446Z", "user": 1, "content_type": 14, "object_id": "193", "object_repr": "O'Neill Woman Wetsuit", "action_flag": 2, "change_message": "[{\"changed\": {\"fields\": [\"Name\", \"Description\", \"Image\"]}}]"}}, {"model": "admin.logentry", "pk": 288, "fields": {"action_time": "2023-01-24T10:28:04.453Z", "user": 1, "content_type": 14, "object_id": "192", "object_repr": "Sunshine Woman Wetsuit", "action_flag": 2, "change_message": "[{\"changed\": {\"fields\": [\"Name\", \"Description\", \"Image\"]}}]"}}, {"model": "admin.logentry", "pk": 289, "fields": {"action_time": "2023-01-24T10:28:59.268Z", "user": 1, "content_type": 14, "object_id": "191", "object_repr": "Volley woman wetsuit", "action_flag": 2, "change_message": "[{\"changed\": {\"fields\": [\"Name\", \"Description\", \"Image\"]}}]"}}, {"model": "admin.logentry", "pk": 290, "fields": {"action_time": "2023-01-24T10:29:52.478Z", "user": 1, "content_type": 14, "object_id": "190", "object_repr": "Sunshine White Woman Wetsuit", "action_flag": 2, "change_message": "[{\"changed\": {\"fields\": [\"Name\", \"Description\", \"Image\"]}}]"}}, {"model": "admin.logentry", "pk": 291, "fields": {"action_time": "2023-01-24T10:36:30.344Z", "user": 1, "content_type": 14, "object_id": "184", "object_repr": "FCS II Fin", "action_flag": 2, "change_message": "[{\"changed\": {\"fields\": [\"Name\", \"Description\", \"Image\"]}}]"}}, {"model": "admin.logentry", "pk": 292, "fields": {"action_time": "2023-01-24T10:38:03.568Z", "user": 1, "content_type": 14, "object_id": "185", "object_repr": "Endorfin Fin", "action_flag": 2, "change_message": "[{\"changed\": {\"fields\": [\"Sku\", \"Name\", \"Description\", \"Image\"]}}]"}}, {"model": "admin.logentry", "pk": 293, "fields": {"action_time": "2023-01-24T10:38:19.281Z", "user": 1, "content_type": 14, "object_id": "184", "object_repr": "FCS II Fin", "action_flag": 2, "change_message": "[{\"changed\": {\"fields\": [\"Sku\"]}}]"}}, {"model": "admin.logentry", "pk": 294, "fields": {"action_time": "2023-01-24T10:39:45.643Z", "user": 1, "content_type": 14, "object_id": "204", "object_repr": "FCS II fIN", "action_flag": 1, "change_message": "[{\"added\": {}}]"}}, {"model": "admin.logentry", "pk": 295, "fields": {"action_time": "2023-01-24T10:40:29.943Z", "user": 1, "content_type": 14, "object_id": "205", "object_repr": "Shark Fin", "action_flag": 1, "change_message": "[{\"added\": {}}]"}}, {"model": "admin.logentry", "pk": 296, "fields": {"action_time": "2023-01-24T10:42:13.275Z", "user": 1, "content_type": 13, "object_id": "13", "object_repr": "Fishboard", "action_flag": 3, "change_message": ""}}, {"model": "admin.logentry", "pk": 297, "fields": {"action_time": "2023-01-24T10:42:22.839Z", "user": 1, "content_type": 13, "object_id": "10", "object_repr": "Surfboard", "action_flag": 2, "change_message": "[{\"changed\": {\"fields\": [\"Name\"]}}]"}}, {"model": "admin.logentry", "pk": 298, "fields": {"action_time": "2023-01-24T10:43:31.051Z", "user": 1, "content_type": 14, "object_id": "206", "object_repr": "AQS Surfboard", "action_flag": 1, "change_message": "[{\"added\": {}}]"}}, {"model": "admin.logentry", "pk": 299, "fields": {"action_time": "2023-01-24T10:44:30.304Z", "user": 1, "content_type": 14, "object_id": "207", "object_repr": "O'Neill Shortboard", "action_flag": 1, "change_message": "[{\"added\": {}}]"}}, {"model": "admin.logentry", "pk": 300, "fields": {"action_time": "2023-01-24T10:45:20.102Z", "user": 1, "content_type": 14, "object_id": "208", "object_repr": "Eco Brown Surfboard", "action_flag": 1, "change_message": "[{\"added\": {}}]"}}, {"model": "admin.logentry", "pk": 301, "fields": {"action_time": "2023-01-24T10:46:27.392Z", "user": 1, "content_type": 14, "object_id": "209", "object_repr": "FCS Surfboard", "action_flag": 1, "change_message": "[{\"added\": {}}]"}}, {"model": "admin.logentry", "pk": 302, "fields": {"action_time": "2023-01-25T15:08:40.345Z", "user": 1, "content_type": 14, "object_id": "210", "object_repr": "O'Neill Man Wetsuit", "action_flag": 1, "change_message": "[{\"added\": {}}]"}}, {"model": "admin.logentry", "pk": 303, "fields": {"action_time": "2023-01-25T15:09:32.786Z", "user": 1, "content_type": 14, "object_id": "211", "object_repr": "Sunshine Man Wetsuit", "action_flag": 1, "change_message": "[{\"added\": {}}]"}}, {"model": "admin.logentry", "pk": 304, "fields": {"action_time": "2023-01-25T15:34:06.430Z", "user": 1, "content_type": 14, "object_id": "212", "object_repr": "Sunshine Woman Wetsuit", "action_flag": 1, "change_message": "[{\"added\": {}}]"}}, {"model": "admin.logentry", "pk": 305, "fields": {"action_time": "2023-01-25T15:35:20.631Z", "user": 1, "content_type": 14, "object_id": "213", "object_repr": "O'Neill Woman Wetsuit", "action_flag": 1, "change_message": "[{\"added\": {}}]"}}, {"model": "admin.logentry", "pk": 306, "fields": {"action_time": "2023-01-25T18:01:00.390Z", "user": 1, "content_type": 18, "object_id": "19", "object_repr": "Review jjj ", "action_flag": 3, "change_message": ""}}, {"model": "admin.logentry", "pk": 307, "fields": {"action_time": "2023-01-25T18:01:00.393Z", "user": 1, "content_type": 18, "object_id": "20", "object_repr": "Review jjj ", "action_flag": 3, "change_message": ""}}, {"model": "admin.logentry", "pk": 308, "fields": {"action_time": "2023-01-25T18:01:00.395Z", "user": 1, "content_type": 18, "object_id": "21", "object_repr": "Review nnnnn ", "action_flag": 3, "change_message": ""}}, {"model": "admin.logentry", "pk": 309, "fields": {"action_time": "2023-01-25T18:01:00.397Z", "user": 1, "content_type": 18, "object_id": "22", "object_repr": "Review nnnnn ", "action_flag": 3, "change_message": ""}}, {"model": "admin.logentry", "pk": 310, "fields": {"action_time": "2023-01-25T18:01:00.399Z", "user": 1, "content_type": 18, "object_id": "23", "object_repr": "Review i like it very much ", "action_flag": 3, "change_message": ""}}, {"model": "admin.logentry", "pk": 311, "fields": {"action_time": "2023-01-25T18:01:00.401Z", "user": 1, "content_type": 18, "object_id": "24", "object_repr": "Review i like it very much ", "action_flag": 3, "change_message": ""}}, {"model": "admin.logentry", "pk": 312, "fields": {"action_time": "2023-01-25T18:01:00.403Z", "user": 1, "content_type": 18, "object_id": "25", "object_repr": "Review mmm ", "action_flag": 3, "change_message": ""}}, {"model": "admin.logentry", "pk": 313, "fields": {"action_time": "2023-01-25T18:01:00.404Z", "user": 1, "content_type": 18, "object_id": "26", "object_repr": "Review mmm ", "action_flag": 3, "change_message": ""}}, {"model": "admin.logentry", "pk": 314, "fields": {"action_time": "2023-01-25T18:01:00.406Z", "user": 1, "content_type": 18, "object_id": "27", "object_repr": "Review mmmmmmmmmmmmmmmmm ", "action_flag": 3, "change_message": ""}}, {"model": "admin.logentry", "pk": 315, "fields": {"action_time": "2023-01-25T18:01:00.408Z", "user": 1, "content_type": 18, "object_id": "28", "object_repr": "Review sdfsdf ", "action_flag": 3, "change_message": ""}}, {"model": "admin.logentry", "pk": 316, "fields": {"action_time": "2023-01-25T18:01:00.410Z", "user": 1, "content_type": 18, "object_id": "29", "object_repr": "Review dasdasd ", "action_flag": 3, "change_message": ""}}, {"model": "admin.logentry", "pk": 317, "fields": {"action_time": "2023-01-25T18:01:00.412Z", "user": 1, "content_type": 18, "object_id": "30", "object_repr": "Review test ", "action_flag": 3, "change_message": ""}}, {"model": "admin.logentry", "pk": 318, "fields": {"action_time": "2023-01-25T18:01:00.415Z", "user": 1, "content_type": 18, "object_id": "32", "object_repr": "Review lkmlkm ", "action_flag": 3, "change_message": ""}}, {"model": "admin.logentry", "pk": 319, "fields": {"action_time": "2023-01-25T18:01:00.416Z", "user": 1, "content_type": 18, "object_id": "33", "object_repr": "Review lnln ", "action_flag": 3, "change_message": ""}}, {"model": "admin.logentry", "pk": 320, "fields": {"action_time": "2023-01-25T18:01:00.419Z", "user": 1, "content_type": 18, "object_id": "34", "object_repr": "Review wewrwer ", "action_flag": 3, "change_message": ""}}, {"model": "admin.logentry", "pk": 321, "fields": {"action_time": "2023-01-28T08:39:12.164Z", "user": 1, "content_type": 8, "object_id": "1", "object_repr": "luciaquintas90@gmail.com", "action_flag": 2, "change_message": "[]"}}, {"model": "auth.permission", "pk": 1, "fields": {"name": "Can add log entry", "content_type": 1, "codename": "add_logentry"}}, {"model": "auth.permission", "pk": 2, "fields": {"name": "Can change log entry", "content_type": 1, "codename": "change_logentry"}}, {"model": "auth.permission", "pk": 3, "fields": {"name": "Can delete log entry", "content_type": 1, "codename": "delete_logentry"}}, {"model": "auth.permission", "pk": 4, "fields": {"name": "Can view log entry", "content_type": 1, "codename": "view_logentry"}}, {"model": "auth.permission", "pk": 5, "fields": {"name": "Can add permission", "content_type": 2, "codename": "add_permission"}}, {"model": "auth.permission", "pk": 6, "fields": {"name": "Can change permission", "content_type": 2, "codename": "change_permission"}}, {"model": "auth.permission", "pk": 7, "fields": {"name": "Can delete permission", "content_type": 2, "codename": "delete_permission"}}, {"model": "auth.permission", "pk": 8, "fields": {"name": "Can view permission", "content_type": 2, "codename": "view_permission"}}, {"model": "auth.permission", "pk": 9, "fields": {"name": "Can add group", "content_type": 3, "codename": "add_group"}}, {"model": "auth.permission", "pk": 10, "fields": {"name": "Can change group", "content_type": 3, "codename": "change_group"}}, {"model": "auth.permission", "pk": 11, "fields": {"name": "Can delete group", "content_type": 3, "codename": "delete_group"}}, {"model": "auth.permission", "pk": 12, "fields": {"name": "Can view group", "content_type": 3, "codename": "view_group"}}, {"model": "auth.permission", "pk": 13, "fields": {"name": "Can add user", "content_type": 4, "codename": "add_user"}}, {"model": "auth.permission", "pk": 14, "fields": {"name": "Can change user", "content_type": 4, "codename": "change_user"}}, {"model": "auth.permission", "pk": 15, "fields": {"name": "Can delete user", "content_type": 4, "codename": "delete_user"}}, {"model": "auth.permission", "pk": 16, "fields": {"name": "Can view user", "content_type": 4, "codename": "view_user"}}, {"model": "auth.permission", "pk": 17, "fields": {"name": "Can add content type", "content_type": 5, "codename": "add_contenttype"}}, {"model": "auth.permission", "pk": 18, "fields": {"name": "Can change content type", "content_type": 5, "codename": "change_contenttype"}}, {"model": "auth.permission", "pk": 19, "fields": {"name": "Can delete content type", "content_type": 5, "codename": "delete_contenttype"}}, {"model": "auth.permission", "pk": 20, "fields": {"name": "Can view content type", "content_type": 5, "codename": "view_contenttype"}}, {"model": "auth.permission", "pk": 21, "fields": {"name": "Can add session", "content_type": 6, "codename": "add_session"}}, {"model": "auth.permission", "pk": 22, "fields": {"name": "Can change session", "content_type": 6, "codename": "change_session"}}, {"model": "auth.permission", "pk": 23, "fields": {"name": "Can delete session", "content_type": 6, "codename": "delete_session"}}, {"model": "auth.permission", "pk": 24, "fields": {"name": "Can view session", "content_type": 6, "codename": "view_session"}}, {"model": "auth.permission", "pk": 25, "fields": {"name": "Can add site", "content_type": 7, "codename": "add_site"}}, {"model": "auth.permission", "pk": 26, "fields": {"name": "Can change site", "content_type": 7, "codename": "change_site"}}, {"model": "auth.permission", "pk": 27, "fields": {"name": "Can delete site", "content_type": 7, "codename": "delete_site"}}, {"model": "auth.permission", "pk": 28, "fields": {"name": "Can view site", "content_type": 7, "codename": "view_site"}}, {"model": "auth.permission", "pk": 29, "fields": {"name": "Can add email address", "content_type": 8, "codename": "add_emailaddress"}}, {"model": "auth.permission", "pk": 30, "fields": {"name": "Can change email address", "content_type": 8, "codename": "change_emailaddress"}}, {"model": "auth.permission", "pk": 31, "fields": {"name": "Can delete email address", "content_type": 8, "codename": "delete_emailaddress"}}, {"model": "auth.permission", "pk": 32, "fields": {"name": "Can view email address", "content_type": 8, "codename": "view_emailaddress"}}, {"model": "auth.permission", "pk": 33, "fields": {"name": "Can add email confirmation", "content_type": 9, "codename": "add_emailconfirmation"}}, {"model": "auth.permission", "pk": 34, "fields": {"name": "Can change email confirmation", "content_type": 9, "codename": "change_emailconfirmation"}}, {"model": "auth.permission", "pk": 35, "fields": {"name": "Can delete email confirmation", "content_type": 9, "codename": "delete_emailconfirmation"}}, {"model": "auth.permission", "pk": 36, "fields": {"name": "Can view email confirmation", "content_type": 9, "codename": "view_emailconfirmation"}}, {"model": "auth.permission", "pk": 37, "fields": {"name": "Can add social account", "content_type": 10, "codename": "add_socialaccount"}}, {"model": "auth.permission", "pk": 38, "fields": {"name": "Can change social account", "content_type": 10, "codename": "change_socialaccount"}}, {"model": "auth.permission", "pk": 39, "fields": {"name": "Can delete social account", "content_type": 10, "codename": "delete_socialaccount"}}, {"model": "auth.permission", "pk": 40, "fields": {"name": "Can view social account", "content_type": 10, "codename": "view_socialaccount"}}, {"model": "auth.permission", "pk": 41, "fields": {"name": "Can add social application", "content_type": 11, "codename": "add_socialapp"}}, {"model": "auth.permission", "pk": 42, "fields": {"name": "Can change social application", "content_type": 11, "codename": "change_socialapp"}}, {"model": "auth.permission", "pk": 43, "fields": {"name": "Can delete social application", "content_type": 11, "codename": "delete_socialapp"}}, {"model": "auth.permission", "pk": 44, "fields": {"name": "Can view social application", "content_type": 11, "codename": "view_socialapp"}}, {"model": "auth.permission", "pk": 45, "fields": {"name": "Can add social application token", "content_type": 12, "codename": "add_socialtoken"}}, {"model": "auth.permission", "pk": 46, "fields": {"name": "Can change social application token", "content_type": 12, "codename": "change_socialtoken"}}, {"model": "auth.permission", "pk": 47, "fields": {"name": "Can delete social application token", "content_type": 12, "codename": "delete_socialtoken"}}, {"model": "auth.permission", "pk": 48, "fields": {"name": "Can view social application token", "content_type": 12, "codename": "view_socialtoken"}}, {"model": "auth.permission", "pk": 49, "fields": {"name": "Can add category", "content_type": 13, "codename": "add_category"}}, {"model": "auth.permission", "pk": 50, "fields": {"name": "Can change category", "content_type": 13, "codename": "change_category"}}, {"model": "auth.permission", "pk": 51, "fields": {"name": "Can delete category", "content_type": 13, "codename": "delete_category"}}, {"model": "auth.permission", "pk": 52, "fields": {"name": "Can view category", "content_type": 13, "codename": "view_category"}}, {"model": "auth.permission", "pk": 53, "fields": {"name": "Can add product", "content_type": 14, "codename": "add_product"}}, {"model": "auth.permission", "pk": 54, "fields": {"name": "Can change product", "content_type": 14, "codename": "change_product"}}, {"model": "auth.permission", "pk": 55, "fields": {"name": "Can delete product", "content_type": 14, "codename": "delete_product"}}, {"model": "auth.permission", "pk": 56, "fields": {"name": "Can view product", "content_type": 14, "codename": "view_product"}}, {"model": "auth.permission", "pk": 57, "fields": {"name": "Can add order", "content_type": 15, "codename": "add_order"}}, {"model": "auth.permission", "pk": 58, "fields": {"name": "Can change order", "content_type": 15, "codename": "change_order"}}, {"model": "auth.permission", "pk": 59, "fields": {"name": "Can delete order", "content_type": 15, "codename": "delete_order"}}, {"model": "auth.permission", "pk": 60, "fields": {"name": "Can view order", "content_type": 15, "codename": "view_order"}}, {"model": "auth.permission", "pk": 61, "fields": {"name": "Can add order line item", "content_type": 16, "codename": "add_orderlineitem"}}, {"model": "auth.permission", "pk": 62, "fields": {"name": "Can change order line item", "content_type": 16, "codename": "change_orderlineitem"}}, {"model": "auth.permission", "pk": 63, "fields": {"name": "Can delete order line item", "content_type": 16, "codename": "delete_orderlineitem"}}, {"model": "auth.permission", "pk": 64, "fields": {"name": "Can view order line item", "content_type": 16, "codename": "view_orderlineitem"}}, {"model": "auth.permission", "pk": 65, "fields": {"name": "Can add contact", "content_type": 17, "codename": "add_contact"}}, {"model": "auth.permission", "pk": 66, "fields": {"name": "Can change contact", "content_type": 17, "codename": "change_contact"}}, {"model": "auth.permission", "pk": 67, "fields": {"name": "Can delete contact", "content_type": 17, "codename": "delete_contact"}}, {"model": "auth.permission", "pk": 68, "fields": {"name": "Can view contact", "content_type": 17, "codename": "view_contact"}}, {"model": "auth.permission", "pk": 69, "fields": {"name": "Can add review", "content_type": 18, "codename": "add_review"}}, {"model": "auth.permission", "pk": 70, "fields": {"name": "Can change review", "content_type": 18, "codename": "change_review"}}, {"model": "auth.permission", "pk": 71, "fields": {"name": "Can delete review", "content_type": 18, "codename": "delete_review"}}, {"model": "auth.permission", "pk": 72, "fields": {"name": "Can view review", "content_type": 18, "codename": "view_review"}}, {"model": "auth.user", "pk": 1, "fields": {"password": "pbkdf2_sha256$260000$cNBPQ3zyb5xlBgG7ooHBik$DmOn4mocSE6XiInUbh6jRNhRIokIX4ga4agcxoq2HnA=", "last_login": "2023-01-28T09:01:19.208Z", "is_superuser": true, "username": "Lu", "first_name": "", "last_name": "", "email": "", "is_staff": true, "is_active": true, "date_joined": "2022-12-15T09:56:40.630Z", "groups": [], "user_permissions": []}}, {"model": "auth.user", "pk": 2, "fields": {"password": "pbkdf2_sha256$260000$JfzuyAMTMg5UWtQnD9ZQfk$nbMNHsx0hgawZUVv3Fjq6lkpTfsT9QZGSJEMNDSM2iY=", "last_login": null, "is_superuser": false, "username": "lavieenbleu2@gmail.com", "first_name": "", "last_name": "", "email": "luciaquintas14@gmail.com", "is_staff": false, "is_active": true, "date_joined": "2023-01-22T10:35:32.111Z", "groups": [], "user_permissions": []}}, {"model": "auth.user", "pk": 3, "fields": {"password": "pbkdf2_sha256$260000$1bUOWF0q00ShWEIMTH80HJ$8Tf7//g9bAL3nFSIg5H6IHk0t3EX11thcURxzpidsD4=", "last_login": null, "is_superuser": false, "username": "lavieenbleu", "first_name": "", "last_name": "", "email": "lavieenbleu2@gmail.com", "is_staff": false, "is_active": true, "date_joined": "2023-01-22T10:41:16.803Z", "groups": [], "user_permissions": []}}, {"model": "auth.user", "pk": 4, "fields": {"password": "pbkdf2_sha256$260000$fPb2vrtGS0xHlMzVACXxeK$/vKJ7Dwj/1XGM8Wa8xKmBvOhGHT5f0xijWX9VVVlBUI=", "last_login": null, "is_superuser": false, "username": "lujjjj", "first_name": "", "last_name": "", "email": "test@gmail.com", "is_staff": false, "is_active": true, "date_joined": "2023-01-22T23:28:44.976Z", "groups": [], "user_permissions": []}}, {"model": "contenttypes.contenttype", "pk": 1, "fields": {"app_label": "admin", "model": "logentry"}}, {"model": "contenttypes.contenttype", "pk": 2, "fields": {"app_label": "auth", "model": "permission"}}, {"model": "contenttypes.contenttype", "pk": 3, "fields": {"app_label": "auth", "model": "group"}}, {"model": "contenttypes.contenttype", "pk": 4, "fields": {"app_label": "auth", "model": "user"}}, {"model": "contenttypes.contenttype", "pk": 5, "fields": {"app_label": "contenttypes", "model": "contenttype"}}, {"model": "contenttypes.contenttype", "pk": 6, "fields": {"app_label": "sessions", "model": "session"}}, {"model": "contenttypes.contenttype", "pk": 7, "fields": {"app_label": "sites", "model": "site"}}, {"model": "contenttypes.contenttype", "pk": 8, "fields": {"app_label": "account", "model": "emailaddress"}}, {"model": "contenttypes.contenttype", "pk": 9, "fields": {"app_label": "account", "model": "emailconfirmation"}}, {"model": "contenttypes.contenttype", "pk": 10, "fields": {"app_label": "socialaccount", "model": "socialaccount"}}, {"model": "contenttypes.contenttype", "pk": 11, "fields": {"app_label": "socialaccount", "model": "socialapp"}}, {"model": "contenttypes.contenttype", "pk": 12, "fields": {"app_label": "socialaccount", "model": "socialtoken"}}, {"model": "contenttypes.contenttype", "pk": 13, "fields": {"app_label": "products", "model": "category"}}, {"model": "contenttypes.contenttype", "pk": 14, "fields": {"app_label": "products", "model": "product"}}, {"model": "contenttypes.contenttype", "pk": 15, "fields": {"app_label": "checkout", "model": "order"}}, {"model": "contenttypes.contenttype", "pk": 16, "fields": {"app_label": "checkout", "model": "orderlineitem"}}, {"model": "contenttypes.contenttype", "pk": 17, "fields": {"app_label": "contact", "model": "contact"}}, {"model": "contenttypes.contenttype", "pk": 18, "fields": {"app_label": "products", "model": "review"}}, {"model": "sessions.session", "pk": "1qa9yjbwude4rm8v514o381cfgmdjmb4", "fields": {"session_data": ".eJxVjMsOgjAURP-la0PoG9zpj5Dp7W1KJCWRdmX8d8Gw0OWcmTkvMaHVPLWNn9McxVVIcfllAfTgchRYlgN3IFpbqd13c9Zbd9sTlzoT6ryW-_n6U2VseffE0SdtPIEiHKIdzdj3SpO2rFUY5GCldT2STByUDJwstLHKuORdBFi8P7_ZPJo:1pCetO:znTI_u8ufdx3XxLN5d0Lnh-uTFWd-KjProi06wNp6Ec", "expire_date": "2023-01-17T10:51:38.466Z"}}, {"model": "sessions.session", "pk": "1z2slfnalftlgwv28fpabn3flwmb2i43", "fields": {"session_data": ".eJxVjckKwjAURf8laymZO-zsj4SXlxcaLKk0KSjiv9tKF7q807kv5mCrk9sKrS4FNjDBLr-eB7xRPgKY58NuAHHZcm2-nTMuzXVXlGtCqGnJ47n6Q01Qpp0T-jYq3SJgAAvB9LrnXCpUhpT0neiMMJZDFJG8FJ6iAaWN1Da2NgDQAS1Uyn7j6HFP65MN_P0BxjdD1w:1pKGrX:odsjNFsevADYTzzMExVwO3_IkMzCreLQw8V6yURhrzk", "expire_date": "2023-02-07T10:49:11.654Z"}}, {"model": "sessions.session", "pk": "2mrdy3dzb8mnya72qn6c7gtidpexyr7r", "fields": {"session_data": ".eJxVjckKwjAURf8laymZO-zsj4SXlxcaLKk0KSjiv9tKF7q807kv5mCrk9sKrS4FNjDBLr-eB7xRPgKY58NuAHHZcm2-nTMuzXVXlGtCqGnJ47n6Q01Qpp0T-jYq3SJgAAvB9LrnXCpUhpT0neiMMJZDFJG8FJ6iAaWN1Da2NgDQAS1Uyn7j6HFP65MN_P0BxjdD1w:1p5n1C:tT4nJS7cn6ocpMHEsNFYR5GOQjcotuAbXRwGuyUYpy8", "expire_date": "2022-12-29T12:07:18.331Z"}}, {"model": "sessions.session", "pk": "2slnssxrxqtylfvn2yw7xap3tce6qjp6", "fields": {"session_data": ".eJxVjMsOgjAURP-la0PoG9zpj5Dp7W1KJCWRdmX8d8Gw0OWcmTkvMaHVPLWNn9McxVVIcfllAfTgchRYlgN3IFpbqd13c9Zbd9sTlzoT6ryW-_n6U2VseffE0SdtPIEiHKIdzdj3SpO2rFUY5GCldT2STByUDJwstLHKuORdBFi8P7_ZPJo:1pLh5L:0iCnfLjTnOJHNGJ6xDCTtVA3Hj7cHCxRwiHv72UR1Sk", "expire_date": "2023-02-11T09:01:19.213Z"}}, {"model": "sessions.session", "pk": "39wmkujv41lsv33hgfgftv6soojcstl4", "fields": {"session_data": ".eJxVjckKwjAURf8laymZO-zsj4SXlxcaLKk0KSjiv9tKF7q807kv5mCrk9sKrS4FNjDBLr-eB7xRPgKY58NuAHHZcm2-nTMuzXVXlGtCqGnJ47n6Q01Qpp0T-jYq3SJgAAvB9LrnXCpUhpT0neiMMJZDFJG8FJ6iAaWN1Da2NgDQAS1Uyn7j6HFP65MN_P0BxjdD1w:1pKUmy:tvHr8wgD0xsTrqPW0-vI0L_hdLFUrciIpaPH7QoPFrs", "expire_date": "2023-02-08T01:41:24.598Z"}}, {"model": "sessions.session", "pk": "3xwxuz2rmi1teedg2p5ws4aqof33hcae", "fields": {"session_data": ".eJxVjckKwjAURf8laymZO-zsj4SXlxcaLKk0KSjiv9tKF7q807kv5mCrk9sKrS4FNjDBLr-eB7xRPgKY58NuAHHZcm2-nTMuzXVXlGtCqGnJ47n6Q01Qpp0T-jYq3SJgAAvB9LrnXCpUhpT0neiMMJZDFJG8FJ6iAaWN1Da2NgDQAS1Uyn7j6HFP65MN_P0BxjdD1w:1pJmmg:wM7GgNwuJYhILvI5B3qX83aeAWaSLxpwjJdT3D16TF8", "expire_date": "2023-02-06T02:42:10.272Z"}}, {"model": "sessions.session", "pk": "8n32wumbegqevgv9a77yl3vgs3zxm93z", "fields": {"session_data": "eyJhY2NvdW50X3ZlcmlmaWVkX2VtYWlsIjpudWxsLCJhY2NvdW50X3VzZXIiOiI0In0:1pJjlV:RoXZBsswvUsBW0fuDUv2ymD35iRCY3Hyp9_0954tdOo", "expire_date": "2023-02-05T23:28:45.278Z"}}, {"model": "sessions.session", "pk": "9aq2w6zkqbjml08hetdffybt5m7reokx", "fields": {"session_data": ".eJxVjMsOgjAURP-la0PoG9zpj5Dp7W1KJCWRdmX8d8Gw0OWcmTkvMaHVPLWNn9McxVVIcfllAfTgchRYlgN3IFpbqd13c9Zbd9sTlzoT6ryW-_n6U2VseffE0SdtPIEiHKIdzdj3SpO2rFUY5GCldT2STByUDJwstLHKuORdBFi8P7_ZPJo:1pDgZf:2jo128x85fqIkWnHgnT_QLV8r_a4D2-E1Z_IEcLRsFA", "expire_date": "2023-01-20T06:51:31.725Z"}}, {"model": "sessions.session", "pk": "eu98c22z5xqwkltvzl9i2rgujne5ghzk", "fields": {"session_data": "eyJiYWciOnsiMTc3IjoxLCIxODciOnsiaXRlbXNfYnlfc2l6ZSI6eyJtIjo4fX0sIjE3NiI6MX19:1pHhn1:A8kH_T270EClUkjnsJEKGBzyWPVf4e79I7SuHADzCWE", "expire_date": "2023-01-31T08:57:55.106Z"}}, {"model": "sessions.session", "pk": "jxhjgcwicfc7gou8w6azr3a877usmv41", "fields": {"session_data": ".eJxVjMsOgjAURP-la0PoG9zpj5Dp7W1KJCWRdmX8d8Gw0OWcmTkvMaHVPLWNn9McxVVIcfllAfTgchRYlgN3IFpbqd13c9Zbd9sTlzoT6ryW-_n6U2VseffE0SdtPIEiHKIdzdj3SpO2rFUY5GCldT2STByUDJwstLHKuORdBFi8P7_ZPJo:1p9eEu:TIH9qAzol1OY0tUH4G7gZ2VnVP8Ivavjz13ipiQwclw", "expire_date": "2023-01-09T03:33:24.403Z"}}, {"model": "sessions.session", "pk": "kfdc1hn3a80i8fxjiyqg6rcrtqgfzw5p", "fields": {"session_data": ".eJx9j01PwzAMhv9KlHNV5aNp193gzI0TWqfITZw1UBK0JIgJ8d9J0XbYhaMf-3ltf1P9jinBCRPd08Nholq_phhudKINYQ0RqiETfYmFLPCJJPlTQEtiye1Ejw35X3suxlTsyrpebqoPBBJ5Kpt_pA3VUPKiS8Kz9rZewu_ZDOYNw9aAdd1wC8bEEnL7N3Ntp_ahVhiyN5B9DI9X6y5qgbTUHDsOTnaDAWOhB6vGbmRMSCMVSjHv-E5x1TNw3OEs-IxOgeyU6Ho39BYAt9BUv6prNH59-POF7tnPL2llbyg:1pJT1d:CnTf0ol3qRkhkxQEdnfnZ5pzplPMWqer-2oe_4Z2s-A", "expire_date": "2023-02-05T05:36:17.372Z"}}, {"model": "sessions.session", "pk": "maq0dwqeak0ziwcxbg62cmh7d9mrcxfc", "fields": {"session_data": ".eJxVkMtOwzAQRX_FeB1FzsN5dEUC7ZY1alA0ccatwbFLHAMV4t9xqoJgNqO598wdaT5pD3459t7h3KuRbmhCo7_aAOIFzWqA1qscgxDWmyW-MFfbxU2Y0CxKwKKsaa9b_6KO4I4hZ6xLmeWlADFCASOv85qxNBMZxywdqqTiCS8YyETikCYDSg5ZztO8kGUxAuAa6tC5cKbHj5Oaz3TDIurgDXtlpKWbZfYYoClAcEAXbu73He37ZxdWrmpHI8IikvKIdPRhHnEmzgsRTOm1PpPTbNcBxxvyU4_Wz8ReUOOnITTlSFmy3a5oGGuzPC_v23a7bWrOeVFlrLir2pg0RFgj1TxdPvObhhMoTd6V1mRA4sLvyGKJ9kLBq1dmAVez28MKxcJOcUefnujXN8rWjJo:1pJFal:DAzJLQX5HIIJnAQNT2rLYiKY9ZsrPeUj4AQJVpdkB4I", "expire_date": "2023-02-04T15:15:39.185Z"}}, {"model": "sessions.session", "pk": "mgxtaciskijjccwpbb9b09o8vvcjd8bf", "fields": {"session_data": ".eJyFjMFuwyAQRP9lz5FlwIDh1v4IWmCJURNHCvjQRv73QuVDc0lOo5k3Mw9wuNXFbYXuLkewwOD0P_MYvmjtAC-XHg8Ywm1b6_DXOXAZPpqjteaANd_Wz2P1dLVgWdpPNDqJSQcMERVGaSYzjlwEIUlwP7NZMqlGTCyR58xTkigmySeVtIqI1E49nsE-gGkFdj411WB50_lQLcGy7k2v5UrX4vy3K_mHenBtdN8bN-MbLl_wff8FbVVkAg:1pHfab:yCPuDc5UOFe_msBab9Vr5HCCxRt-A61ovp9YKFycg24", "expire_date": "2023-01-31T06:36:57.147Z"}}, {"model": "sessions.session", "pk": "o7czfbtl9gfqgy214jnc4m65ht7c8zga", "fields": {"session_data": ".eJxVjMsOgjAURP-la0PoG9zpj5Dp7W1KJCWRdmX8d8Gw0OWcmTkvMaHVPLWNn9McxVVIcfllAfTgchRYlgN3IFpbqd13c9Zbd9sTlzoT6ryW-_n6U2VseffE0SdtPIEiHKIdzdj3SpO2rFUY5GCldT2STByUDJwstLHKuORdBFi8P7_ZPJo:1pETNu:B8Cx-yxFr5AcwYIuYH5k2mndpb35P3ZoDDHfCubFj50", "expire_date": "2023-01-22T10:58:38.848Z"}}, {"model": "sessions.session", "pk": "ppczc3tw4365c1f9jk968ves7j2c396g", "fields": {"session_data": ".eJxVjckKwjAURf8laymZO-zsj4SXlxcaLKk0KSjiv9tKF7q807kv5mCrk9sKrS4FNjDBLr-eB7xRPgKY58NuAHHZcm2-nTMuzXVXlGtCqGnJ47n6Q01Qpp0T-jYq3SJgAAvB9LrnXCpUhpT0neiMMJZDFJG8FJ6iAaWN1Da2NgDQAS1Uyn7j6HFP65MN_P0BxjdD1w:1pJjJq:N6FzMgtCVWNrTdKBgMqMA5wEGkOEB2BNE1ekrlO1yIo", "expire_date": "2023-02-05T23:00:10.336Z"}}, {"model": "sessions.session", "pk": "snj2i5px35xriufqyhmx81m4aolbi1bh", "fields": {"session_data": ".eJxVjMsKgzAQRf8laxHz9LFrfyRMJhMMTSPUpJvSf6-KFFzOOXfOhwHiUnOxb3rFEMlbekJMbMo1peZv60ovNjHJGmahlvkANvqN8StzgA_Ku4CUdtyejfbYnHptb9tFuUSEEpd8P78uqRnWeev4sQ9S9QjowYDXoxq7TkiUmqRwAx8016aDwAM5wR0FDVJpoUzojQcg9v0BA85OLA:1pJbCd:AhtIsfVzg1L7vsQCkzF8FP94saEhR5FApZ3S2gGNzWg", "expire_date": "2023-02-05T14:20:11.979Z"}}, {"model": "sessions.session", "pk": "u5sctfk209xr5ol3h6u0fv2vbropmhkb", "fields": {"session_data": ".eJx9j01PwzAMhv9KlHNV5aNp193gzI0TWqfITZw1UBK0JIgJ8d9J0XbYhaMf-3ltf1P9jinBCRPd08Nholq_phhudKINYQ0RqiETfYmFLPCJJPlTQEtiye1Ejw35X3suxlTsyrpebqoPBBJ5Kpt_pA3VUPKiS8Kz9rZewu_ZDOYNw9aAdd1wC8bEEnL7N3Ntp_ahVhiyN5B9DI9X6y5qgbTUHDsOTnaDAWOhB6vGbmRMSCMVSjHv-E5x1TNw3OEs-IxOgeyU6Ho39BYAt9BUv6prNH59-POF7rlgY8_Yzy8G_3Ba:1pIpnI:KESBEXTKI0m4Eyx_wgqTxOMJ8p8cuNyT3iO-h-s1U7E", "expire_date": "2023-02-03T11:42:52.857Z"}}, {"model": "sessions.session", "pk": "wtiekuvrp48rpgtswooj6kyj2kyuek4b", "fields": {"session_data": ".eJxVjcFOwzAQRH_F2nMU2XGcNL3BmRvHprI29rpxCS7qxhIV4t9xUA5w3Dezb77AYl5nm5nuNno4goLqL5vQvVHaAlyWDdfo3C2ntf7t7DHXT-WitEaHa7yl5_3rn2pGnovHD33Qbe_QeezQm6EdpGy004Z0Mx3UwSjTSQwq0NSoiYJB3Zqm7ULfeUTapEzMZcbS50e8P-AoC3svDC_EZeJ0GsHaK5fGTkeohKxEYyoxwmt2ruCQl-UhOF4SeRGTQBYvuR7hfIbvH77UXbQ:1pJAq9:hNln6ZOAvrSwi2vC_R6PG3tcBo37GXSuNK5bCcT9t-4", "expire_date": "2023-02-04T10:11:13.930Z"}}, {"model": "sessions.session", "pk": "x32pdauroyyffyf3swedkb31rmuh2n7a", "fields": {"session_data": ".eJxVjckKgzAURf_lrYtkdMiu_ZHwkrzUUInFKLSI_14tblze6dwVHD7BrMBbBoZvN7C4zL1dCk02BTDA4eI59C_KR4DDcNgVej8uea7-nTMu1X1XlOfkcU5jfpyrC6rH0u-c0DVRqsajD1hj0J3qGBPSS01SuJa3muuaYeSRnOCOokaptFB1bOqASAe0UCn7jaXPO01fMGz7ASHLR-s:1pJaG9:zkiUVq_HnGAO1MhhpsDFQQezRRhiBLvay8KG17hCcaQ", "expire_date": "2023-02-05T13:19:45.859Z"}}, {"model": "sessions.session", "pk": "zer2d043eh1ob2zd6qvofymlm6559qwx", "fields": {"session_data": ".eJxVjckKwjAURf8laymZO-zsj4SXlxcaLKk0KSjiv9tKF7q807kv5mCrk9sKrS4FNjDBLr-eB7xRPgKY58NuAHHZcm2-nTMuzXVXlGtCqGnJ47n6Q01Qpp0T-jYq3SJgAAvB9LrnXCpUhpT0neiMMJZDFJG8FJ6iAaWN1Da2NgDQAS1Uyn7j6HFP65MN_P0BxjdD1w:1pKXU6:NiYdUKOK-ZXImG7uTP37XAqVxZuwO5e5DvYpsNEoMEk", "expire_date": "2023-02-08T04:34:06.812Z"}}, {"model": "sites.site", "pk": 1, "fields": {"domain": "surfparadise.example.com", "name": "Surf Paradise"}}, {"model": "account.emailaddress", "pk": 1, "fields": {"user": 1, "email": "luciaquintas90@gmail.com", "verified": true, "primary": true}}, {"model": "account.emailaddress", "pk": 2, "fields": {"user": 2, "email": "luciaquintas14@gmail.com", "verified": false, "primary": true}}, {"model": "account.emailaddress", "pk": 3, "fields": {"user": 3, "email": "lavieenbleu2@gmail.com", "verified": false, "primary": true}}, {"model": "account.emailaddress", "pk": 4, "fields": {"user": 4, "email": "test@gmail.com", "verified": false, "primary": true}}, {"model": "products.category", "pk": 10, "fields": {"name": "Surfboard", "friendly_name": "Surfboards"}}, {"model": "products.category", "pk": 11, "fields": {"name": "Fins", "friendly_name": "FINS"}}, {"model": "products.category", "pk": 14, "fields": {"name": "Men Wetsuit", "friendly_name": "Men Wetsuit"}}, {"model": "products.category", "pk": 15, "fields": {"name": "Women Wetsuit", "friendly_name": "Women Wetsuit"}}, {"model": "products.category", "pk": 16, "fields": {"name": "sales", "friendly_name": "sales"}}, {"model": "products.product", "pk": 184, "fields": {"category": 11, "sku": "Fin", "name": "FCS II Fin", "description": "Great for surfers looking for a fin that'll feel dependable in bigger wave", "has_sizes": false, "price": "150.00", "rating": null, "image_url": null, "image": "colorful_1_rKsRYfO.jpg", "favourites": []}}, {"model": "products.product", "pk": 185, "fields": {"category": 11, "sku": "Fin", "name": "Endorfin Fin", "description": "Area 23.58\"\r\n\r\nHeight 5.39\"\r\n\r\nBase 5.77\"", "has_sizes": false, "price": "100.00", "rating": null, "image_url": null, "image": "lololo_1_0tLEKFR.jpg", "favourites": []}}, {"model": "products.product", "pk": 188, "fields": {"category": 14, "sku": "Man Wetsuit", "name": "Orca Man Wetsuit", "description": "Black, long sleeve Man Wetsuit", "has_sizes": true, "price": "189.00", "rating": null, "image_url": null, "image": "wetsuit2_LEDj76y.jpg", "favourites": [1]}}, {"model": "products.product", "pk": 191, "fields": {"category": 15, "sku": "Women Wetsuit", "name": "Volley woman wetsuit", "description": "Swimsuit,black and  long sleeves wetsuit", "has_sizes": true, "price": "200.00", "rating": null, "image_url": null, "image": "Womwn_Wet1_2_nfE3DSO.jpg", "favourites": []}}, {"model": "products.product", "pk": 193, "fields": {"category": 15, "sku": "Women Wetsuit", "name": "O'Neill Woman Wetsuit", "description": "Black and Red, long sleeves wetsuit", "has_sizes": true, "price": "190.00", "rating": null, "image_url": null, "image": "Womenwetsuit3_1_1_rZU6oed.jpg", "favourites": []}}, {"model": "products.product", "pk": 194, "fields": {"category": 15, "sku": "Women Wetsuit", "name": "Sunshine Green Woman Wetsuit", "description": "Long sleeves, white and green wetsuit", "has_sizes": true, "price": "220.00", "rating": null, "image_url": null, "image": "womenwetsuit5_2_lHkSvTb.jpg", "favourites": []}}, {"model": "products.product", "pk": 195, "fields": {"category": 15, "sku": "Women Wetsuit", "name": "Sunshine Woman Wetsuit", "description": "Black and White, long sleeve woman wetsuit", "has_sizes": true, "price": "190.00", "rating": null, "image_url": null, "image": "womenwet6_2_31BqBNU.jpg", "favourites": []}}, {"model": "products.product", "pk": 201, "fields": {"category": 14, "sku": "Man Wetsuit", "name": "Black and Green Wetsuit", "description": "Black and Green, long sleeves men wetsuit", "has_sizes": false, "price": "150.00", "rating": null, "image_url": null, "image": "wetsuit4_1_1_4SqGbcG.jpg", "favourites": []}}, {"model": "products.product", "pk": 203, "fields": {"category": 14, "sku": "Man Wetsuit", "name": "O'neill Man Wetsuit", "description": "Black, long sleeve man wetsuit", "has_sizes": false, "price": "350.00", "rating": null, "image_url": null, "image": "pexels-dmitriy-ganin-7790599_1_1.jpg", "favourites": []}}, {"model": "products.product", "pk": 204, "fields": {"category": 11, "sku": "Fin", "name": "FCS II fIN", "description": "Long, green fin", "has_sizes": false, "price": "168.00", "rating": null, "image_url": null, "image": "lualualua_QAqzcm5.jpg", "favourites": []}}, {"model": "products.product", "pk": 205, "fields": {"category": 11, "sku": "Fin", "name": "Shark Fin", "description": "White, shark fin", "has_sizes": false, "price": "100.00", "rating": null, "image_url": null, "image": "nanana_1_khqBlsP.jpg", "favourites": []}}, {"model": "products.product", "pk": 206, "fields": {"category": 10, "sku": "Surfboard", "name": "AQS Surfboard", "description": "White, short surfboard", "has_sizes": false, "price": "999.00", "rating": null, "image_url": null, "image": "nataliya_1_rctO1pE.jpg", "favourites": []}}, {"model": "products.product", "pk": 207, "fields": {"category": 10, "sku": "Surfboard", "name": "O'Neill Shortboard", "description": "White and blue shorboard", "has_sizes": false, "price": "850.00", "rating": null, "image_url": null, "image": "amanda1_1_NqZp6ef.jpg", "favourites": []}}, {"model": "products.product", "pk": 208, "fields": {"category": 10, "sku": "Surfboards", "name": "Eco Brown Surfboard", "description": "Brown, shortboard", "has_sizes": false, "price": "1500.00", "rating": null, "image_url": null, "image": "lala_1_9RgAaQ7.jpg", "favourites": []}}, {"model": "products.product", "pk": 209, "fields": {"category": 10, "sku": "Surfboard", "name": "FCS Surfboard", "description": "Green leaves surfboard", "has_sizes": false, "price": "1200.00", "rating": null, "image_url": null, "image": "lokman_1_ampfKGc.jpg", "favourites": []}}, {"model": "products.product", "pk": 210, "fields": {"category": 14, "sku": "Man Wetsuit", "name": "O'Neill Man Wetsuit", "description": "Multicolor, long sleeves wetsuit", "has_sizes": false, "price": "450.00", "rating": null, "image_url": null, "image": "wetsui5.jpg", "favourites": []}}, {"model": "products.product", "pk": 211, "fields": {"category": 14, "sku": "Man Wetsuit", "name": "Sunshine Man Wetsuit", "description": "Black and Green, long sleeve wetsuit", "has_sizes": false, "price": "500.00", "rating": null, "image_url": null, "image": "wetsuit3_1_1_g47jyRT.jpg", "favourites": []}}, {"model": "products.product", "pk": 212, "fields": {"category": 15, "sku": "Woman Wetsuit", "name": "Sunshine Woman Wetsuit", "description": "Colorful, long sleeve wetsuit", "has_sizes": false, "price": "320.00", "rating": null, "image_url": null, "image": "Women_Wet2_1_1_csEGjnV.jpg", "favourites": []}}, {"model": "products.product", "pk": 213, "fields": {"category": 15, "sku": "Woman Wetsuit", "name": "O'Neill Woman Wetsuit", "description": "Black and green, long sleeves wetsuit", "has_sizes": false, "price": "550.00", "rating": null, "image_url": null, "image": "Women_wetsuit4_1_1_iktlU6G.jpg", "favourites": []}}, {"model": "products.product", "pk": 214, "fields": {"category": 10, "sku": "Surfboard", "name": "AQS Pink Surfboard", "description": "Pink, short surfboard", "has_sizes": false, "price": "1500.00", "rating": null, "image_url": null, "image": "loiter_1_3V0AyOa.jpg", "favourites": []}}, {"model": "products.product", "pk": 215, "fields": {"category": 10, "sku": "Surfboard", "name": "AQS Surfboard", "description": "Green, flower short surfboard", "has_sizes": false, "price": "1200.00", "rating": null, "image_url": null, "image": "igor_1_zFSAvr4.jpg", "favourites": []}}, {"model": "products.product", "pk": 216, "fields": {"category": 10, "sku": "Surfboard", "name": "AQS Surfboard", "description": "Green, long surfboard", "has_sizes": false, "price": "1250.00", "rating": null, "image_url": null, "image": "jeeloi_1_73UORN8.jpg", "favourites": []}}, {"model": "products.product", "pk": 217, "fields": {"category": 10, "sku": "Surfboard", "name": "Volley Surfboard", "description": "Blue FIshboard", "has_sizes": false, "price": "890.00", "rating": null, "image_url": null, "image": "jess_1_KOSqZP9.jpg", "favourites": []}}, {"model": "products.review", "pk": 36, "fields": {"product": 184, "email": "user", "body": "test", "created_on": "2023-01-25T18:04:18.428Z", "user": 1}}, {"model": "checkout.order", "pk": 2, "fields": {"order_number": "770FF6A00B3447DBBEEA955568306C8B", "full_name": "Luca Quintas", "email": "luciaquintas90@gmail.com", "phone_number": "0831303171", "country": "US", "postcode": "1700000", "town_or_city": "US", "street_address1": "Premier Square, Finglas, Dublin 11, 17", "street_address2": "17", "county": "Dublin", "date": "2023-01-21T15:15:38.920Z", "delivery_cost": "0.00", "order_total": "0.00", "grand_total": "0.00", "original_bag": "{\"176\": 2}", "stripe_pid": "pi_3MSijPEPIeyrbiZg0sVD8R8j"}}, {"model": "checkout.order", "pk": 3, "fields": {"order_number": "A0811E5CC66B4ADDBA49A357AD7C0EAF", "full_name": "luc", "email": "luciaquintas90@gmail.com", "phone_number": "0831303171", "country": "US", "postcode": "1700000", "town_or_city": "Dublin", "street_address1": "Premier Square, Finglas, Dublin 11, 17", "street_address2": "17", "county": "Dublin", "date": "2023-01-23T04:35:08.429Z", "delivery_cost": "0.00", "order_total": "0.00", "grand_total": "0.00", "original_bag": "{\"178\": 1}", "stripe_pid": "pi_3MTHgbEPIeyrbiZg0n1leIhl"}}, {"model": "contact.contact", "pk": 1, "fields": {"full_name": ";lm;l,", "email": "asdasd@gmail.com", "contact_number": "4555555", "order_number": "sss", "message": "sss"}}, {"model": "contact.contact", "pk": 2, "fields": {"full_name": ";lm;l,", "email": "asdasd@gmail.com", "contact_number": "4555555", "order_number": "sss", "message": "sss"}}, {"model": "contact.contact", "pk": 3, "fields": {"full_name": ";lm;l,", "email": "asdasd@gmail.com", "contact_number": "4555555", "order_number": "sss", "message": "sss"}}, {"model": "contact.contact", "pk": 4, "fields": {"full_name": ";lm;l,", "email": "asdasd@gmail.com", "contact_number": "4555555", "order_number": "sss", "message": "sss"}}, {"model": "contact.contact", "pk": 5, "fields": {"full_name": ";lm;l,", "email": "asdasd@gmail.com", "contact_number": "4555555", "order_number": "sss", "message": "sss"}}, {"model": "contact.contact", "pk": 6, "fields": {"full_name": ";lm;l,", "email": "asdasd@gmail.com", "contact_number": "4555555", "order_number": "sss", "message": "sss"}}, {"model": "contact.contact", "pk": 7, "fields": {"full_name": ";lm;l,", "email": "asdasd@gmail.com", "contact_number": "4555555", "order_number": "sss", "message": "sss"}}, {"model": "contact.contact", "pk": 8, "fields": {"full_name": ";lm;l,", "email": "asdasd@gmail.com", "contact_number": "4555555", "order_number": "sss", "message": "sss"}}, {"model": "contact.contact", "pk": 9, "fields": {"full_name": ";lm;l,", "email": "asdasd@gmail.com", "contact_number": "4555555", "order_number": "sss", "message": "sss"}}, {"model": "contact.contact", "pk": 10, "fields": {"full_name": ";lm;l,", "email": "asdasd@gmail.com", "contact_number": "4555555", "order_number": "sss", "message": "sss"}}, {"model": "contact.contact", "pk": 11, "fields": {"full_name": ";lm;l,", "email": "asdasd@gmail.com", "contact_number": "4555555", "order_number": "sss", "message": "sss"}}, {"model": "contact.contact", "pk": 12, "fields": {"full_name": ";lm;l,", "email": "asdasd@gmail.com", "contact_number": "4555555", "order_number": "sss", "message": "sss"}}, {"model": "contact.contact", "pk": 13, "fields": {"full_name": ";lm;l,", "email": "asdasd@gmail.com", "contact_number": "4555555", "order_number": "sss", "message": "sss"}}, {"model": "contact.contact", "pk": 14, "fields": {"full_name": "Luca Quintas", "email": "luciaquintas90@gmail.com", "contact_number": "0831303171", "order_number": "", "message": ",m ,m ,m"}}, {"model": "contact.contact", "pk": 15, "fields": {"full_name": "test", "email": "test@test.com", "contact_number": "test", "order_number": "213", "message": "est"}}, {"model": "contact.contact", "pk": 16, "fields": {"full_name": "test", "email": "test@xyz.com", "contact_number": "test", "order_number": "1234", "message": "dsafsadf"}}, {"model": "contact.contact", "pk": 17, "fields": {"full_name": "Luca Quintas", "email": "luciaquintas90@gmail.com", "contact_number": "0831303171", "order_number": "xsdfsdf", "message": "sdfsdfs"}}]